features,max_seed_overlap,coefficients
AAA,1,0.0
AAC,1,0.0
AAD,1,0.0
AAE,1,0.0
AAF,2,0.0
AAG,1,0.0
AAH,1,0.0
AAI,1,0.0
AAK,1,0.0
AAL,1,0.0
AAM,1,0.0
AAN,1,0.0
AAP,1,0.0
AAQ,1,0.0
AAR,1,0.0
AAS,1,0.0
AAT,1,0.0
AAV,1,0.0
AAW,1,0.0
AAY,1,0.0
ACA,1,0.0
ACC,1,0.0
ACD,1,0.0
ACE,1,0.0
ACF,1,0.0
ACG,1,0.0
ACH,1,0.0
ACI,1,0.0
ACK,1,0.0
ACL,1,0.0
ACM,1,0.0
ACN,1,0.0
ACP,1,0.0
ACQ,1,0.0
ACR,1,0.0
ACS,1,0.0
ACT,1,0.0
ACV,1,0.0
ACW,1,0.0
ACY,1,0.0
ADA,1,0.0
ADC,1,0.0
ADD,1,0.0
ADE,1,0.0
ADF,1,0.0
ADG,1,0.0
ADH,1,0.0
ADI,1,0.0
ADK,1,0.0
ADL,1,0.0
ADM,1,0.0
ADN,1,0.0
ADP,1,0.0
ADQ,1,0.0
ADR,1,0.0
ADS,1,0.0
ADT,1,0.0
ADV,1,0.0
ADW,1,0.0
ADY,1,0.0
AEA,1,0.0
AEC,1,0.0
AED,1,0.0
AEE,1,0.0
AEF,1,0.0
AEG,1,0.0
AEH,1,0.0
AEI,1,0.0
AEK,1,0.0
AEL,1,0.0
AEM,1,0.0
AEN,1,0.0
AEP,1,0.0
AEQ,1,0.0
AER,1,0.0
AES,1,0.0
AET,1,0.0
AEV,2,0.0
AEW,1,0.0
AEY,1,0.0
AFA,2,0.0
AFC,2,0.0
AFD,2,0.0
AFE,2,0.0
AFF,2,0.0
AFG,2,0.0
AFH,2,0.0
AFI,2,0.0
AFK,2,0.0
AFL,2,0.0
AFM,2,0.0
AFN,2,0.0
AFP,2,0.0
AFQ,2,0.0
AFR,2,0.0
AFS,2,0.0
AFT,2,0.0
AFV,2,0.0
AFW,2,0.0
AFY,2,0.0
AGA,1,0.0
AGC,1,0.0
AGD,1,0.0
AGE,1,0.0
AGF,1,0.0
AGG,1,0.0
AGH,1,0.0
AGI,1,0.0
AGK,1,0.0
AGL,1,0.0
AGM,1,0.0
AGN,1,0.0
AGP,1,0.0
AGQ,1,0.0
AGR,1,0.0
AGS,1,0.0
AGT,1,0.0
AGV,1,0.0
AGW,1,0.0
AGY,1,0.0
AHA,1,0.0
AHC,1,0.0
AHD,1,0.0
AHE,1,0.0
AHF,1,0.0
AHG,1,0.0
AHH,1,0.0
AHI,1,0.0
AHK,1,0.0
AHL,1,0.0
AHM,2,0.0
AHN,1,0.0
AHP,1,0.0
AHQ,1,0.0
AHR,1,0.0
AHS,1,0.0
AHT,1,0.0
AHV,1,0.0
AHW,2,0.0
AHY,1,0.0
AIA,1,0.0
AIC,1,0.0
AID,1,0.0
AIE,1,0.0
AIF,1,0.0
AIG,1,0.0
AIH,1,0.0
AII,1,0.0
AIK,1,0.0
AIL,1,0.0
AIM,2,0.0
AIN,1,0.0
AIP,1,0.0
AIQ,1,0.0
AIR,1,0.0
AIS,1,0.0
AIT,1,0.0
AIV,1,0.0
AIW,2,0.0
AIY,1,0.0
AKA,1,0.0
AKC,1,0.0
AKD,1,0.0
AKE,1,0.0
AKF,1,0.0
AKG,1,0.0
AKH,1,0.0
AKI,1,0.0
AKK,1,0.0
AKL,1,0.0
AKM,1,0.0
AKN,1,0.0
AKP,1,0.0
AKQ,2,0.0
AKR,2,0.0
AKS,1,0.0
AKT,1,0.0
AKV,1,0.0
AKW,1,0.0
AKY,1,0.0
ALA,1,0.0
ALC,1,0.0
ALD,1,0.0
ALE,1,0.0
ALF,1,0.0
ALG,1,0.0
ALH,1,0.0
ALI,1,0.0
ALK,1,0.0
ALL,1,0.0
ALM,1,0.0
ALN,1,0.0
ALP,1,0.0
ALQ,1,0.0
ALR,2,0.0
ALS,2,0.0
ALT,1,0.0
ALV,1,0.0
ALW,1,0.0
ALY,1,0.0
AMA,2,0.0
AMC,1,0.0
AMD,1,0.0
AME,1,0.0
AMF,1,0.0
AMG,1,0.0
AMH,1,0.0
AMI,1,0.0
AMK,1,0.0
AML,1,0.0
AMM,1,0.0
AMN,2,0.0
AMP,1,0.0
AMQ,1,0.0
AMR,2,0.0
AMS,1,0.0
AMT,1,0.0
AMV,1,0.0
AMW,1,0.0
AMY,1,0.0
ANA,1,0.0
ANC,1,0.0
AND,1,0.0
ANE,1,0.0
ANF,1,0.0
ANG,1,0.0
ANH,1,0.0
ANI,1,0.0
ANK,1,0.0
ANL,1,0.0
ANM,1,0.0
ANN,1,0.0
ANP,1,0.0
ANQ,1,0.0
ANR,1,0.0
ANS,2,0.0
ANT,1,0.0
ANV,1,0.0
ANW,1,0.0
ANY,2,0.0
APA,1,0.0
APC,1,0.0
APD,2,0.0
APE,1,0.0
APF,1,0.0
APG,1,0.0
APH,2,0.0
API,1,0.0
APK,1,0.0
APL,1,0.0
APM,1,0.0
APN,1,0.0
APP,1,0.0
APQ,2,0.0
APR,1,0.0
APS,1,0.0
APT,1,0.0
APV,2,0.0
APW,1,0.0
APY,1,0.0
AQA,1,0.0
AQC,1,0.0
AQD,1,0.0
AQE,1,0.0
AQF,1,0.0
AQG,1,0.0
AQH,1,0.0
AQI,1,0.0
AQK,1,0.0
AQL,2,0.0
AQM,1,0.0
AQN,2,0.0
AQP,1,0.0
AQQ,1,0.0
AQR,1,0.0
AQS,1,0.0
AQT,1,0.0
AQV,1,0.0
AQW,1,0.0
AQY,1,0.0
ARA,1,0.0
ARC,1,0.0
ARD,1,0.0
ARE,1,0.0
ARF,1,0.0
ARG,1,0.0
ARH,1,0.0
ARI,1,0.0
ARK,2,0.0
ARL,1,0.0
ARM,1,0.0
ARN,2,0.0
ARP,1,0.0
ARQ,1,0.0
ARR,1,0.0
ARS,1,0.0
ART,2,0.0
ARV,1,0.0
ARW,1,0.0
ARY,1,0.0
ASA,1,0.0
ASC,1,0.0
ASD,1,0.0
ASE,1,0.0
ASF,1,0.0
ASG,1,0.0
ASH,1,0.0
ASI,1,0.0
ASK,1,0.0
ASL,1,0.0
ASM,1,0.0
ASN,1,0.0
ASP,2,0.0
ASQ,1,0.0
ASR,1,0.0
ASS,1,0.0
AST,1,0.0
ASV,1,0.0
ASW,1,0.0
ASY,1,0.0
ATA,2,0.0
ATC,1,0.0
ATD,1,0.0
ATE,1,0.0
ATF,1,0.0
ATG,1,0.0
ATH,1,0.0
ATI,1,0.0
ATK,1,0.0
ATL,1,0.0
ATM,1,0.0
ATN,1,0.0
ATP,1,0.0
ATQ,1,0.0
ATR,2,0.0
ATS,1,0.0
ATT,1,0.0
ATV,2,0.0
ATW,1,0.0
ATY,2,0.0
AVA,1,0.0
AVC,1,0.0
AVD,1,0.0
AVE,1,0.0
AVF,1,0.0
AVG,2,0.0
AVH,2,0.0
AVI,2,0.0
AVK,1,0.0
AVL,1,0.0
AVM,1,0.0
AVN,1,0.0
AVP,1,0.0
AVQ,1,0.0
AVR,1,0.0
AVS,1,0.0
AVT,1,0.0
AVV,2,0.0
AVW,1,0.0
AVY,1,0.0
AWA,1,0.0
AWC,1,0.0
AWD,1,0.0
AWE,1,0.0
AWF,1,0.0
AWG,1,0.0
AWH,1,0.0
AWI,1,0.0
AWK,1,0.0
AWL,1,0.0
AWM,2,0.0
AWN,1,0.0
AWP,1,0.0
AWQ,1,0.0
AWR,1,0.0
AWS,1,0.0
AWT,1,0.0
AWV,1,0.0
AWW,1,0.0
AWY,1,0.0
AYA,1,0.0
AYC,2,0.0
AYD,1,0.0
AYE,1,0.0
AYF,1,0.0
AYG,1,0.0
AYH,1,0.0
AYI,1,0.0
AYK,2,0.0
AYL,1,0.0
AYM,1,0.0
AYN,1,0.0
AYP,1,0.0
AYQ,1,0.0
AYR,1,0.0
AYS,1,0.0
AYT,1,0.0
AYV,2,0.0
AYW,1,0.0
AYY,1,0.0
CAA,1,0.0
CAC,1,0.0
CAD,1,0.0
CAE,1,0.0
CAF,2,0.0
CAG,1,0.0
CAH,1,0.0
CAI,1,0.0
CAK,1,0.0
CAL,1,0.0
CAM,1,0.0
CAN,1,0.0
CAP,1,0.0
CAQ,1,0.0
CAR,1,0.0
CAS,1,0.0
CAT,1,0.0
CAV,1,0.0
CAW,1,0.0
CAY,1,0.0
CCA,1,0.0
CCC,1,0.0
CCD,1,0.0
CCE,1,0.0
CCF,1,0.0
CCG,1,0.0
CCH,1,0.0
CCI,1,0.0
CCK,1,0.0
CCL,1,0.0
CCM,1,0.0
CCN,1,0.0
CCP,1,0.0
CCQ,1,0.0
CCR,1,0.0
CCS,1,0.0
CCT,1,0.0
CCV,1,0.0
CCW,1,0.0
CCY,1,0.0
CDA,1,0.0
CDC,1,0.0
CDD,1,0.0
CDE,1,0.0
CDF,1,0.0
CDG,1,0.0
CDH,1,0.0
CDI,1,0.0
CDK,1,0.0
CDL,1,0.0
CDM,1,0.0
CDN,1,0.0
CDP,1,0.0
CDQ,1,0.0
CDR,1,0.0
CDS,1,0.0
CDT,1,0.0
CDV,1,0.0
CDW,1,0.0
CDY,1,0.0
CEA,1,0.0
CEC,1,0.0
CED,1,0.0
CEE,1,0.0
CEF,1,0.0
CEG,1,0.0
CEH,1,0.0
CEI,1,0.0
CEK,1,0.0
CEL,1,0.0
CEM,1,0.0
CEN,1,0.0
CEP,1,0.0
CEQ,1,0.0
CER,1,0.0
CES,1,0.0
CET,1,0.0
CEV,2,0.0
CEW,1,0.0
CEY,1,0.0
CFA,1,0.0
CFC,1,0.0
CFD,1,0.0
CFE,1,0.0
CFF,1,0.0
CFG,1,0.0
CFH,1,0.0
CFI,1,0.0
CFK,1,0.0
CFL,1,0.0
CFM,1,0.0
CFN,1,0.0
CFP,1,0.0
CFQ,1,0.0
CFR,1,0.0
CFS,1,0.0
CFT,2,0.0
CFV,1,0.0
CFW,1,0.0
CFY,1,0.0
CGA,1,0.0
CGC,1,0.0
CGD,1,0.0
CGE,1,0.0
CGF,1,0.0
CGG,1,0.0
CGH,1,0.0
CGI,1,0.0
CGK,1,0.0
CGL,1,0.0
CGM,1,0.0
CGN,1,0.0
CGP,1,0.0
CGQ,1,0.0
CGR,1,0.0
CGS,1,0.0
CGT,1,0.0
CGV,1,0.0
CGW,1,0.0
CGY,1,0.0
CHA,1,0.0
CHC,1,0.0
CHD,1,0.0
CHE,1,0.0
CHF,1,0.0
CHG,1,0.0
CHH,1,0.0
CHI,1,0.0
CHK,1,0.0
CHL,1,0.0
CHM,2,0.0
CHN,1,0.0
CHP,1,0.0
CHQ,1,0.0
CHR,1,0.0
CHS,1,0.0
CHT,1,0.0
CHV,1,0.0
CHW,2,0.0
CHY,1,0.0
CIA,1,0.0
CIC,1,0.0
CID,1,0.0
CIE,1,0.0
CIF,1,0.0
CIG,1,0.0
CIH,1,0.0
CII,1,0.0
CIK,1,0.0
CIL,1,0.0
CIM,2,0.0
CIN,1,0.0
CIP,1,0.0
CIQ,1,0.0
CIR,1,0.0
CIS,1,0.0
CIT,1,0.0
CIV,1,0.0
CIW,2,0.0
CIY,1,0.0
CKA,1,0.0
CKC,1,0.0
CKD,1,0.0
CKE,1,0.0
CKF,1,0.0
CKG,1,0.0
CKH,1,0.0
CKI,1,0.0
CKK,1,0.0
CKL,1,0.0
CKM,1,0.0
CKN,1,0.0
CKP,1,0.0
CKQ,2,0.0
CKR,2,0.0
CKS,1,0.0
CKT,1,0.0
CKV,1,0.0
CKW,1,0.0
CKY,1,0.0
CLA,1,0.0
CLC,1,0.0
CLD,1,0.0
CLE,1,0.0
CLF,1,0.0
CLG,1,0.0
CLH,1,0.0
CLI,1,0.0
CLK,1,0.0
CLL,1,0.0
CLM,1,0.0
CLN,1,0.0
CLP,1,0.0
CLQ,1,0.0
CLR,2,0.0
CLS,2,0.0
CLT,1,0.0
CLV,1,0.0
CLW,1,0.0
CLY,1,0.0
CMA,2,0.0
CMC,1,0.0
CMD,1,0.0
CME,1,0.0
CMF,1,0.0
CMG,1,0.0
CMH,1,0.0
CMI,1,0.0
CMK,1,0.0
CML,1,0.0
CMM,1,0.0
CMN,2,0.0
CMP,1,0.0
CMQ,1,0.0
CMR,2,0.0
CMS,1,0.0
CMT,1,0.0
CMV,1,0.0
CMW,1,0.0
CMY,1,0.0
CNA,1,0.0
CNC,1,0.0
CND,1,0.0
CNE,1,0.0
CNF,1,0.0
CNG,1,0.0
CNH,1,0.0
CNI,1,0.0
CNK,1,0.0
CNL,1,0.0
CNM,1,0.0
CNN,1,0.0
CNP,1,0.0
CNQ,1,0.0
CNR,1,0.0
CNS,2,0.0
CNT,1,0.0
CNV,1,0.0
CNW,1,0.0
CNY,2,0.0
CPA,1,0.0
CPC,1,0.0
CPD,2,0.0
CPE,1,0.0
CPF,1,0.0
CPG,1,0.0
CPH,2,0.0
CPI,1,0.0
CPK,1,0.0
CPL,1,0.0
CPM,1,0.0
CPN,1,0.0
CPP,1,0.0
CPQ,2,0.0
CPR,1,0.0
CPS,1,0.0
CPT,1,0.0
CPV,2,0.0
CPW,1,0.0
CPY,1,0.0
CQA,1,0.0
CQC,1,0.0
CQD,1,0.0
CQE,1,0.0
CQF,1,0.0
CQG,1,0.0
CQH,1,0.0
CQI,1,0.0
CQK,1,0.0
CQL,2,0.0
CQM,1,0.0
CQN,2,0.0
CQP,1,0.0
CQQ,1,0.0
CQR,1,0.0
CQS,1,0.0
CQT,1,0.0
CQV,1,0.0
CQW,1,0.0
CQY,1,0.0
CRA,1,0.0
CRC,1,0.0
CRD,1,0.0
CRE,1,0.0
CRF,1,0.0
CRG,1,0.0
CRH,1,0.0
CRI,1,0.0
CRK,2,0.0
CRL,1,0.0
CRM,1,0.0
CRN,2,0.0
CRP,1,0.0
CRQ,1,0.0
CRR,1,0.0
CRS,1,0.0
CRT,2,0.0
CRV,1,0.0
CRW,1,0.0
CRY,1,0.0
CSA,1,0.0
CSC,1,0.0
CSD,1,0.0
CSE,1,0.0
CSF,1,0.0
CSG,1,0.0
CSH,1,0.0
CSI,1,0.0
CSK,1,0.0
CSL,1,0.0
CSM,1,0.0
CSN,1,0.0
CSP,2,0.0
CSQ,1,0.0
CSR,1,0.0
CSS,1,0.0
CST,1,0.0
CSV,1,0.0
CSW,1,0.0
CSY,1,0.0
CTA,2,0.0
CTC,1,0.0
CTD,1,0.0
CTE,1,0.0
CTF,1,0.0
CTG,1,0.0
CTH,1,0.0
CTI,1,0.0
CTK,1,0.0
CTL,1,0.0
CTM,1,0.0
CTN,1,0.0
CTP,1,0.0
CTQ,1,0.0
CTR,2,0.0
CTS,1,0.0
CTT,1,0.0
CTV,2,0.0
CTW,1,0.0
CTY,2,0.0
CVA,1,0.0
CVC,1,0.0
CVD,1,0.0
CVE,1,0.0
CVF,1,0.0
CVG,2,0.0
CVH,2,0.0
CVI,2,0.0
CVK,1,0.0
CVL,1,0.0
CVM,1,0.0
CVN,1,0.0
CVP,1,0.0
CVQ,1,0.0
CVR,1,0.0
CVS,1,0.0
CVT,1,0.0
CVV,2,0.0
CVW,1,0.0
CVY,1,0.0
CWA,1,0.0
CWC,1,0.0
CWD,1,0.0
CWE,1,0.0
CWF,1,0.0
CWG,1,0.0
CWH,1,0.0
CWI,1,0.0
CWK,1,0.0
CWL,1,0.0
CWM,2,0.0
CWN,1,0.0
CWP,1,0.0
CWQ,1,0.0
CWR,1,0.0
CWS,1,0.0
CWT,1,0.0
CWV,1,0.0
CWW,1,0.0
CWY,1,0.0
CYA,1,0.0
CYC,2,0.0
CYD,1,0.0
CYE,1,0.0
CYF,1,0.0
CYG,1,0.0
CYH,1,0.0
CYI,1,0.0
CYK,2,0.0
CYL,1,0.0
CYM,1,0.0
CYN,1,0.0
CYP,1,0.0
CYQ,1,0.0
CYR,1,0.0
CYS,1,0.0
CYT,1,0.0
CYV,2,0.0
CYW,1,0.0
CYY,1,0.0
DAA,1,0.0
DAC,1,0.0
DAD,1,0.0
DAE,1,0.0
DAF,2,0.0
DAG,1,0.0
DAH,1,0.0
DAI,1,0.0
DAK,1,0.0
DAL,1,0.0
DAM,1,0.0
DAN,1,0.0
DAP,1,0.0
DAQ,1,0.0
DAR,1,0.0
DAS,1,0.0
DAT,1,0.0
DAV,1,0.0
DAW,1,0.0
DAY,1,0.0
DCA,1,0.0
DCC,1,0.0
DCD,1,0.0
DCE,1,0.0
DCF,1,0.0
DCG,1,0.0
DCH,1,0.0
DCI,1,0.0
DCK,1,0.0
DCL,1,0.0
DCM,1,0.0
DCN,1,0.0
DCP,1,0.0
DCQ,1,0.0
DCR,1,0.0
DCS,1,0.0
DCT,1,0.0
DCV,1,0.0
DCW,1,0.0
DCY,1,0.0
DDA,1,0.0
DDC,1,0.0
DDD,1,0.0
DDE,1,0.0
DDF,1,0.0
DDG,1,0.0
DDH,1,0.0
DDI,1,0.0
DDK,1,0.0
DDL,1,0.0
DDM,1,0.0
DDN,1,0.0
DDP,1,0.0
DDQ,1,0.0
DDR,1,0.0
DDS,1,0.0
DDT,1,0.0
DDV,1,0.0
DDW,1,0.0
DDY,1,0.0
DEA,1,0.0
DEC,1,0.0
DED,1,0.0
DEE,1,0.0
DEF,1,0.0
DEG,1,0.0
DEH,1,0.0
DEI,1,0.0
DEK,1,0.0
DEL,1,0.0
DEM,1,0.0
DEN,1,0.0
DEP,1,0.0
DEQ,1,0.0
DER,1,0.0
DES,1,0.0
DET,1,0.0
DEV,2,0.0
DEW,1,0.0
DEY,1,0.0
DFA,1,0.0
DFC,1,0.0
DFD,1,0.0
DFE,1,0.0
DFF,1,0.0
DFG,1,0.0
DFH,1,0.0
DFI,1,0.0
DFK,1,0.0
DFL,1,0.0
DFM,1,0.0
DFN,1,0.0
DFP,1,0.0
DFQ,1,0.0
DFR,1,0.0
DFS,1,0.0
DFT,2,0.0
DFV,1,0.0
DFW,1,0.0
DFY,1,0.0
DGA,1,0.0
DGC,1,0.0
DGD,1,0.0
DGE,1,0.0
DGF,1,0.0
DGG,1,0.0
DGH,1,0.0
DGI,1,0.0
DGK,1,0.0
DGL,1,0.0
DGM,1,0.0
DGN,1,0.0
DGP,1,0.0
DGQ,1,0.0
DGR,1,0.0
DGS,1,0.0
DGT,1,0.0
DGV,1,0.0
DGW,1,0.0
DGY,1,0.0
DHA,1,0.0
DHC,1,0.0
DHD,1,0.0
DHE,1,0.0
DHF,1,0.0
DHG,1,0.0
DHH,1,0.0
DHI,1,0.0
DHK,1,0.0
DHL,1,0.0
DHM,2,0.0
DHN,1,0.0
DHP,1,0.0
DHQ,1,0.0
DHR,1,0.0
DHS,1,0.0
DHT,1,0.0
DHV,1,0.0
DHW,2,0.0
DHY,1,0.0
DIA,1,0.0
DIC,1,0.0
DID,1,0.0
DIE,1,0.0
DIF,1,0.0
DIG,1,0.0
DIH,1,0.0
DII,1,0.0
DIK,1,0.0
DIL,1,0.0
DIM,2,0.0
DIN,1,0.0
DIP,1,0.0
DIQ,1,0.0
DIR,1,0.0
DIS,1,0.0
DIT,1,0.0
DIV,1,0.0
DIW,2,0.0
DIY,1,0.0
DKA,1,0.0
DKC,1,0.0
DKD,1,0.0
DKE,1,0.0
DKF,1,0.0
DKG,1,0.0
DKH,1,0.0
DKI,1,0.0
DKK,1,0.0
DKL,1,0.0
DKM,1,0.0
DKN,1,0.0
DKP,1,0.0
DKQ,2,0.0
DKR,2,0.0
DKS,1,0.0
DKT,1,0.0
DKV,1,0.0
DKW,1,0.0
DKY,1,0.0
DLA,1,0.0
DLC,1,0.0
DLD,1,0.0
DLE,1,0.0
DLF,1,0.0
DLG,1,0.0
DLH,1,0.0
DLI,1,0.0
DLK,1,0.0
DLL,1,0.0
DLM,1,0.0
DLN,1,0.0
DLP,1,0.0
DLQ,1,0.0
DLR,2,0.0
DLS,2,0.0
DLT,1,0.0
DLV,1,0.0
DLW,1,0.0
DLY,1,0.0
DMA,2,0.0
DMC,1,0.0
DMD,1,0.0
DME,1,0.0
DMF,1,0.0
DMG,1,0.0
DMH,1,0.0
DMI,1,0.0
DMK,1,0.0
DML,1,0.0
DMM,1,0.0
DMN,2,0.0
DMP,1,0.0
DMQ,1,0.0
DMR,2,0.0
DMS,1,0.0
DMT,1,0.0
DMV,1,0.0
DMW,1,0.0
DMY,1,0.0
DNA,1,0.0
DNC,1,0.0
DND,1,0.0
DNE,1,0.0
DNF,1,0.0
DNG,1,0.0
DNH,1,0.0
DNI,1,0.0
DNK,1,0.0
DNL,1,0.0
DNM,1,0.0
DNN,1,0.0
DNP,1,0.0
DNQ,1,0.0
DNR,1,0.0
DNS,2,0.0
DNT,1,0.0
DNV,1,0.0
DNW,1,0.0
DNY,2,0.0
DPA,1,0.0
DPC,1,0.0
DPD,2,0.0
DPE,1,0.0
DPF,1,0.0
DPG,1,0.0
DPH,2,0.0
DPI,1,0.0
DPK,1,0.0
DPL,1,0.0
DPM,1,0.0
DPN,1,0.0
DPP,1,0.0
DPQ,2,0.0
DPR,1,0.0
DPS,1,0.0
DPT,1,0.0
DPV,2,0.0
DPW,1,0.0
DPY,1,0.0
DQA,1,0.0
DQC,1,0.0
DQD,1,0.0
DQE,1,0.0
DQF,1,0.0
DQG,1,0.0
DQH,1,0.0
DQI,1,0.0
DQK,1,0.0
DQL,2,0.0
DQM,1,0.0
DQN,2,0.0
DQP,1,0.0
DQQ,1,0.0
DQR,1,0.0
DQS,1,0.0
DQT,1,0.0
DQV,1,0.0
DQW,1,0.0
DQY,1,0.0
DRA,1,0.0
DRC,1,0.0
DRD,1,0.0
DRE,1,0.0
DRF,1,0.0
DRG,1,0.0
DRH,1,0.0
DRI,1,0.0
DRK,2,0.0
DRL,1,0.0
DRM,1,0.0
DRN,2,0.0
DRP,1,0.0
DRQ,1,0.0
DRR,1,0.0
DRS,1,0.0
DRT,2,0.0
DRV,1,0.0
DRW,1,0.0
DRY,1,0.0
DSA,1,0.0
DSC,1,0.0
DSD,1,0.0
DSE,1,0.0
DSF,1,0.0
DSG,1,0.0
DSH,1,0.0
DSI,1,0.0
DSK,1,0.0
DSL,1,0.0
DSM,1,0.0
DSN,1,0.0
DSP,2,0.0
DSQ,1,0.0
DSR,1,0.0
DSS,1,0.0
DST,1,0.0
DSV,1,0.0
DSW,1,0.0
DSY,1,0.0
DTA,2,0.0
DTC,1,0.0
DTD,1,0.0
DTE,1,0.0
DTF,1,0.0
DTG,1,0.0
DTH,1,0.0
DTI,1,0.0
DTK,1,0.0
DTL,1,0.0
DTM,1,0.0
DTN,1,0.0
DTP,1,0.0
DTQ,1,0.0
DTR,2,0.0
DTS,1,0.0
DTT,1,0.0
DTV,2,0.0
DTW,1,0.0
DTY,2,0.0
DVA,1,0.0
DVC,1,0.0
DVD,1,0.0
DVE,1,0.0
DVF,1,0.0
DVG,2,0.0
DVH,2,0.0
DVI,2,0.0
DVK,1,0.0
DVL,1,0.0
DVM,1,0.0
DVN,1,0.0
DVP,1,0.0
DVQ,1,0.0
DVR,1,0.0
DVS,1,0.0
DVT,1,0.0
DVV,2,0.0
DVW,1,0.0
DVY,1,0.0
DWA,1,0.0
DWC,1,0.0
DWD,1,0.0
DWE,1,0.0
DWF,1,0.0
DWG,1,0.0
DWH,1,0.0
DWI,1,0.0
DWK,1,0.0
DWL,1,0.0
DWM,2,0.0
DWN,1,0.0
DWP,1,0.0
DWQ,1,0.0
DWR,1,0.0
DWS,1,0.0
DWT,1,0.0
DWV,1,0.0
DWW,1,0.0
DWY,1,0.0
DYA,1,0.0
DYC,2,0.0
DYD,1,0.0
DYE,1,0.0
DYF,1,0.0
DYG,1,0.0
DYH,1,0.0
DYI,1,0.0
DYK,2,0.0
DYL,1,0.0
DYM,1,0.0
DYN,1,0.0
DYP,1,0.0
DYQ,1,0.0
DYR,1,0.0
DYS,1,0.0
DYT,1,0.0
DYV,2,0.0
DYW,1,0.0
DYY,1,0.0
EAA,1,0.0
EAC,1,0.0
EAD,1,0.0
EAE,1,0.0
EAF,2,0.0
EAG,1,0.0
EAH,1,0.0
EAI,2,0.0
EAK,1,0.0
EAL,1,0.0
EAM,1,0.0
EAN,1,0.0
EAP,1,0.0
EAQ,1,0.0
EAR,1,0.0
EAS,1,0.0
EAT,1,0.0
EAV,2,0.0
EAW,1,0.0
EAY,1,0.0
ECA,1,0.0
ECC,1,0.0
ECD,1,0.0
ECE,1,0.0
ECF,1,0.0
ECG,1,0.0
ECH,1,0.0
ECI,2,0.0
ECK,1,0.0
ECL,1,0.0
ECM,1,0.0
ECN,1,0.0
ECP,1,0.0
ECQ,1,0.0
ECR,1,0.0
ECS,1,0.0
ECT,1,0.0
ECV,2,0.0
ECW,1,0.0
ECY,1,0.0
EDA,1,0.0
EDC,1,0.0
EDD,1,0.0
EDE,1,0.0
EDF,1,0.0
EDG,1,0.0
EDH,1,0.0
EDI,2,0.0
EDK,1,0.0
EDL,1,0.0
EDM,1,0.0
EDN,1,0.0
EDP,1,0.0
EDQ,1,0.0
EDR,1,0.0
EDS,1,0.0
EDT,1,0.0
EDV,2,0.0
EDW,1,0.0
EDY,1,0.0
EEA,1,0.0
EEC,1,0.0
EED,1,0.0
EEE,1,0.0
EEF,1,0.0
EEG,1,0.0
EEH,1,0.0
EEI,2,0.0
EEK,1,0.0
EEL,1,0.0
EEM,1,0.0
EEN,1,0.0
EEP,1,0.0
EEQ,1,0.0
EER,1,0.0
EES,1,0.0
EET,1,0.0
EEV,2,0.0
EEW,1,0.0
EEY,1,0.0
EFA,1,0.0
EFC,1,0.0
EFD,1,0.0
EFE,1,0.0
EFF,1,0.0
EFG,1,0.0
EFH,1,0.0
EFI,2,0.0
EFK,1,0.0
EFL,1,0.0
EFM,1,0.0
EFN,1,0.0
EFP,1,0.0
EFQ,1,0.0
EFR,1,0.0
EFS,1,0.0
EFT,2,0.0
EFV,2,0.0
EFW,1,0.0
EFY,1,0.0
EGA,1,0.0
EGC,1,0.0
EGD,1,0.0
EGE,1,0.0
EGF,1,0.0
EGG,1,0.0
EGH,1,0.0
EGI,2,0.0
EGK,1,0.0
EGL,1,0.0
EGM,1,0.0
EGN,1,0.0
EGP,1,0.0
EGQ,1,0.0
EGR,1,0.0
EGS,1,0.0
EGT,1,0.0
EGV,2,0.0
EGW,1,0.0
EGY,1,0.0
EHA,1,0.0
EHC,1,0.0
EHD,1,0.0
EHE,1,0.0
EHF,1,0.0
EHG,1,0.0
EHH,1,0.0
EHI,2,0.0
EHK,1,0.0
EHL,1,0.0
EHM,2,0.0
EHN,1,0.0
EHP,1,0.0
EHQ,1,0.0
EHR,1,0.0
EHS,1,0.0
EHT,1,0.0
EHV,2,0.0
EHW,2,0.0
EHY,1,0.0
EIA,1,0.0
EIC,1,0.0
EID,1,0.0
EIE,1,0.0
EIF,1,0.0
EIG,1,0.0
EIH,1,0.0
EII,2,0.0
EIK,1,0.0
EIL,1,0.0
EIM,2,0.0
EIN,1,0.0
EIP,1,0.0
EIQ,1,0.0
EIR,1,0.0
EIS,1,0.0
EIT,1,0.0
EIV,2,0.0
EIW,2,0.0
EIY,1,0.0
EKA,1,0.0
EKC,1,0.0
EKD,1,0.0
EKE,1,0.0
EKF,1,0.0
EKG,1,0.0
EKH,1,0.0
EKI,2,0.0
EKK,1,0.0
EKL,1,0.0
EKM,1,0.0
EKN,1,0.0
EKP,1,0.0
EKQ,2,0.0
EKR,2,0.0
EKS,1,0.0
EKT,1,0.0
EKV,2,0.0
EKW,1,0.0
EKY,1,0.0
ELA,1,0.0
ELC,1,0.0
ELD,1,0.0
ELE,1,0.0
ELF,1,0.0
ELG,1,0.0
ELH,1,0.0
ELI,2,0.0
ELK,1,0.0
ELL,1,0.0
ELM,1,0.0
ELN,1,0.0
ELP,1,0.0
ELQ,1,0.0
ELR,2,0.0
ELS,2,0.0
ELT,1,0.0
ELV,2,0.0
ELW,1,0.0
ELY,1,0.0
EMA,2,0.0
EMC,1,0.0
EMD,1,0.0
EME,1,0.0
EMF,1,0.0
EMG,1,0.0
EMH,1,0.0
EMI,2,0.0
EMK,1,0.0
EML,1,0.0
EMM,1,0.0
EMN,2,0.0
EMP,1,0.0
EMQ,1,0.0
EMR,2,0.0
EMS,1,0.0
EMT,1,0.0
EMV,2,0.0
EMW,1,0.0
EMY,1,0.0
ENA,1,0.0
ENC,1,0.0
END,1,0.0
ENE,1,0.0
ENF,1,0.0
ENG,1,0.0
ENH,1,0.0
ENI,2,0.0
ENK,1,0.0
ENL,1,0.0
ENM,1,0.0
ENN,1,0.0
ENP,1,0.0
ENQ,1,0.0
ENR,1,0.0
ENS,2,0.0
ENT,1,0.0
ENV,2,0.0
ENW,1,0.0
ENY,2,0.0
EPA,1,0.0
EPC,1,0.0
EPD,2,0.0
EPE,1,0.0
EPF,1,0.0
EPG,1,0.0
EPH,2,0.0
EPI,2,0.0
EPK,1,0.0
EPL,1,0.0
EPM,1,0.0
EPN,1,0.0
EPP,1,0.0
EPQ,2,0.0
EPR,1,0.0
EPS,1,0.0
EPT,1,0.0
EPV,2,0.0
EPW,1,0.0
EPY,1,0.0
EQA,1,0.0
EQC,1,0.0
EQD,1,0.0
EQE,1,0.0
EQF,1,0.0
EQG,1,0.0
EQH,1,0.0
EQI,2,0.0
EQK,1,0.0
EQL,2,0.0
EQM,1,0.0
EQN,2,0.0
EQP,1,0.0
EQQ,1,0.0
EQR,1,0.0
EQS,1,0.0
EQT,1,0.0
EQV,2,0.0
EQW,1,0.0
EQY,1,0.0
ERA,1,0.0
ERC,1,0.0
ERD,1,0.0
ERE,1,0.0
ERF,1,0.0
ERG,1,0.0
ERH,1,0.0
ERI,2,0.0
ERK,2,0.0
ERL,1,0.0
ERM,1,0.0
ERN,2,0.0
ERP,1,0.0
ERQ,1,0.0
ERR,1,0.0
ERS,1,0.0
ERT,2,0.0
ERV,2,0.0
ERW,1,0.0
ERY,1,0.0
ESA,1,0.0
ESC,1,0.0
ESD,1,0.0
ESE,1,0.0
ESF,1,0.0
ESG,1,0.0
ESH,1,0.0
ESI,2,0.0
ESK,1,0.0
ESL,1,0.0
ESM,1,0.0
ESN,1,0.0
ESP,2,0.0
ESQ,1,0.0
ESR,1,0.0
ESS,1,0.0
EST,1,0.0
ESV,2,0.0
ESW,1,0.0
ESY,1,0.0
ETA,2,0.0
ETC,1,0.0
ETD,1,0.0
ETE,1,0.0
ETF,1,0.0
ETG,1,0.0
ETH,1,0.0
ETI,2,0.0
ETK,1,0.0
ETL,1,0.0
ETM,1,0.0
ETN,1,0.0
ETP,1,0.0
ETQ,1,0.0
ETR,2,0.0
ETS,1,0.0
ETT,1,0.0
ETV,2,0.0
ETW,1,0.0
ETY,2,0.0
EVA,2,0.0
EVC,2,0.0
EVD,2,0.0
EVE,2,0.0
EVF,2,0.0
EVG,2,0.0
EVH,2,0.0
EVI,3,0.0
EVK,2,0.0
EVL,2,0.0
EVM,2,0.0
EVN,2,0.0
EVP,2,0.0
EVQ,2,0.0
EVR,2,0.0
EVS,2,0.0
EVT,2,0.0
EVV,2,0.0
EVW,2,0.0
EVY,2,0.0
EWA,1,0.0
EWC,1,0.0
EWD,1,0.0
EWE,1,0.0
EWF,1,0.0
EWG,1,0.0
EWH,1,0.0
EWI,2,0.0
EWK,1,0.0
EWL,1,0.0
EWM,2,0.0
EWN,1,0.0
EWP,1,0.0
EWQ,1,0.0
EWR,1,0.0
EWS,1,0.0
EWT,1,0.0
EWV,2,0.0
EWW,1,0.0
EWY,1,0.0
EYA,1,0.0
EYC,2,0.0
EYD,1,0.0
EYE,1,0.0
EYF,1,0.0
EYG,1,0.0
EYH,1,0.0
EYI,2,0.0
EYK,2,0.0
EYL,1,0.0
EYM,1,0.0
EYN,1,0.0
EYP,1,0.0
EYQ,1,0.0
EYR,1,0.0
EYS,1,0.0
EYT,1,0.0
EYV,2,0.0
EYW,1,0.0
EYY,1,0.0
FAA,1,0.0
FAC,1,0.0
FAD,1,0.0
FAE,1,0.0
FAF,2,0.0
FAG,1,0.0
FAH,1,0.0
FAI,1,0.0
FAK,1,0.0
FAL,1,0.0
FAM,1,0.0
FAN,1,0.0
FAP,1,0.0
FAQ,1,0.0
FAR,2,0.0
FAS,1,0.0
FAT,1,0.0
FAV,1,0.0
FAW,1,0.0
FAY,1,0.0
FCA,1,0.0
FCC,1,0.0
FCD,1,0.0
FCE,1,0.0
FCF,1,0.0
FCG,1,0.0
FCH,1,0.0
FCI,1,0.0
FCK,1,0.0
FCL,1,0.0
FCM,1,0.0
FCN,1,0.0
FCP,1,0.0
FCQ,1,0.0
FCR,2,0.0
FCS,1,0.0
FCT,1,0.0
FCV,1,0.0
FCW,1,0.0
FCY,1,0.0
FDA,1,0.0
FDC,1,0.0
FDD,1,0.0
FDE,1,0.0
FDF,1,0.0
FDG,1,0.0
FDH,1,0.0
FDI,1,0.0
FDK,1,0.0
FDL,1,0.0
FDM,1,0.0
FDN,1,0.0
FDP,1,0.0
FDQ,1,0.0
FDR,2,0.0
FDS,1,0.0
FDT,1,0.0
FDV,1,0.0
FDW,1,0.0
FDY,1,0.0
FEA,1,0.0
FEC,1,0.0
FED,1,0.0
FEE,1,0.0
FEF,1,0.0
FEG,1,0.0
FEH,1,0.0
FEI,1,0.0
FEK,1,0.0
FEL,1,0.0
FEM,1,0.0
FEN,1,0.0
FEP,1,0.0
FEQ,1,0.0
FER,2,0.0
FES,1,0.0
FET,1,0.0
FEV,2,0.0
FEW,1,0.0
FEY,1,0.0
FFA,1,0.0
FFC,1,0.0
FFD,1,0.0
FFE,1,0.0
FFF,1,0.0
FFG,1,0.0
FFH,1,0.0
FFI,1,0.0
FFK,1,0.0
FFL,1,0.0
FFM,1,0.0
FFN,1,0.0
FFP,1,0.0
FFQ,1,0.0
FFR,2,0.0
FFS,1,0.0
FFT,2,0.0
FFV,1,0.0
FFW,1,0.0
FFY,1,0.0
FGA,1,0.0
FGC,1,0.0
FGD,1,0.0
FGE,1,0.0
FGF,1,0.0
FGG,1,0.0
FGH,1,0.0
FGI,1,0.0
FGK,1,0.0
FGL,1,0.0
FGM,1,0.0
FGN,1,0.0
FGP,1,0.0
FGQ,1,0.0
FGR,2,0.0
FGS,1,0.0
FGT,1,0.0
FGV,1,0.0
FGW,1,0.0
FGY,1,0.0
FHA,1,0.0
FHC,1,0.0
FHD,1,0.0
FHE,1,0.0
FHF,1,0.0
FHG,1,0.0
FHH,1,0.0
FHI,1,0.0
FHK,1,0.0
FHL,1,0.0
FHM,2,0.0
FHN,1,0.0
FHP,1,0.0
FHQ,1,0.0
FHR,2,0.0
FHS,1,0.0
FHT,1,0.0
FHV,1,0.0
FHW,2,0.0
FHY,1,0.0
FIA,1,0.0
FIC,1,0.0
FID,1,0.0
FIE,1,0.0
FIF,1,0.0
FIG,1,0.0
FIH,1,0.0
FII,1,0.0
FIK,1,0.0
FIL,1,0.0
FIM,2,0.0
FIN,1,0.0
FIP,1,0.0
FIQ,1,0.0
FIR,2,0.0
FIS,1,0.0
FIT,1,0.0
FIV,1,0.0
FIW,2,0.0
FIY,1,0.0
FKA,1,0.0
FKC,1,0.0
FKD,1,0.0
FKE,1,0.0
FKF,1,0.0
FKG,1,0.0
FKH,1,0.0
FKI,1,0.0
FKK,1,0.0
FKL,1,0.0
FKM,1,0.0
FKN,1,0.0
FKP,1,0.0
FKQ,2,0.0
FKR,2,0.0
FKS,1,0.0
FKT,1,0.0
FKV,1,0.0
FKW,1,0.0
FKY,1,0.0
FLA,1,0.0
FLC,1,0.0
FLD,1,0.0
FLE,1,0.0
FLF,1,0.0
FLG,1,0.0
FLH,1,0.0
FLI,1,0.0
FLK,1,0.0
FLL,1,0.0
FLM,1,0.0
FLN,1,0.0
FLP,1,0.0
FLQ,1,0.0
FLR,2,0.0
FLS,2,0.0
FLT,1,0.0
FLV,1,0.0
FLW,1,0.0
FLY,1,0.0
FMA,2,0.0
FMC,1,0.0
FMD,1,0.0
FME,1,0.0
FMF,1,0.0
FMG,1,0.0
FMH,1,0.0
FMI,1,0.0
FMK,1,0.0
FML,1,0.0
FMM,1,0.0
FMN,2,0.0
FMP,1,0.0
FMQ,1,0.0
FMR,2,0.0
FMS,1,0.0
FMT,1,0.0
FMV,1,0.0
FMW,1,0.0
FMY,1,0.0
FNA,1,0.0
FNC,1,0.0
FND,1,0.0
FNE,1,0.0
FNF,1,0.0
FNG,1,0.0
FNH,1,0.0
FNI,1,0.0
FNK,1,0.0
FNL,1,0.0
FNM,1,0.0
FNN,1,0.0
FNP,1,0.0
FNQ,1,0.0
FNR,2,0.0
FNS,2,0.0
FNT,1,0.0
FNV,1,0.0
FNW,1,0.0
FNY,2,0.0
FPA,1,0.0
FPC,1,0.0
FPD,2,0.0
FPE,1,0.0
FPF,1,0.0
FPG,1,0.0
FPH,2,0.0
FPI,1,0.0
FPK,1,0.0
FPL,1,0.0
FPM,1,0.0
FPN,1,0.0
FPP,1,0.0
FPQ,2,0.0
FPR,2,0.0
FPS,1,0.0
FPT,1,0.0
FPV,2,0.0
FPW,1,0.0
FPY,1,0.0
FQA,1,0.0
FQC,1,0.0
FQD,1,0.0
FQE,1,0.0
FQF,1,0.0
FQG,1,0.0
FQH,1,0.0
FQI,1,0.0
FQK,1,0.0
FQL,2,0.0
FQM,1,0.0
FQN,2,0.0
FQP,1,0.0
FQQ,1,0.0
FQR,2,0.0
FQS,1,0.0
FQT,1,0.0
FQV,1,0.0
FQW,1,0.0
FQY,1,0.0
FRA,1,0.0
FRC,1,0.0
FRD,1,0.0
FRE,1,0.0
FRF,1,0.0
FRG,1,0.0
FRH,1,0.0
FRI,1,0.0
FRK,2,0.0
FRL,1,0.0
FRM,1,0.0
FRN,2,0.0
FRP,1,0.0
FRQ,1,0.0
FRR,2,0.0
FRS,1,0.0
FRT,2,0.0
FRV,1,0.0
FRW,1,0.0
FRY,1,0.0
FSA,1,0.0
FSC,1,0.0
FSD,1,0.0
FSE,1,0.0
FSF,1,0.0
FSG,1,0.0
FSH,1,0.0
FSI,1,0.0
FSK,1,0.0
FSL,1,0.0
FSM,1,0.0
FSN,1,0.0
FSP,2,0.0
FSQ,1,0.0
FSR,2,0.0
FSS,1,0.0
FST,1,0.0
FSV,1,0.0
FSW,1,0.0
FSY,1,0.0
FTA,2,0.0
FTC,2,0.0
FTD,2,0.0
FTE,2,0.0
FTF,2,0.0
FTG,2,0.0
FTH,2,0.0
FTI,2,0.0
FTK,2,0.0
FTL,2,0.0
FTM,2,0.0
FTN,2,0.0
FTP,2,0.0
FTQ,2,0.0
FTR,3,0.0
FTS,2,0.0
FTT,2,0.0
FTV,2,0.0
FTW,2,0.0
FTY,2,0.0
FVA,1,0.0
FVC,1,0.0
FVD,1,0.0
FVE,1,0.0
FVF,1,0.0
FVG,2,0.0
FVH,2,0.0
FVI,2,0.0
FVK,1,0.0
FVL,1,0.0
FVM,1,0.0
FVN,1,0.0
FVP,1,0.0
FVQ,1,0.0
FVR,2,0.0
FVS,1,0.0
FVT,1,0.0
FVV,2,0.0
FVW,1,0.0
FVY,1,0.0
FWA,1,0.0
FWC,1,0.0
FWD,1,0.0
FWE,1,0.0
FWF,1,0.0
FWG,1,0.0
FWH,1,0.0
FWI,1,0.0
FWK,1,0.0
FWL,1,0.0
FWM,2,0.0
FWN,1,0.0
FWP,1,0.0
FWQ,1,0.0
FWR,2,0.0
FWS,1,0.0
FWT,1,0.0
FWV,1,0.0
FWW,1,0.0
FWY,1,0.0
FYA,1,0.0
FYC,2,0.0
FYD,1,0.0
FYE,1,0.0
FYF,1,0.0
FYG,1,0.0
FYH,1,0.0
FYI,1,0.0
FYK,2,0.0
FYL,1,0.0
FYM,1,0.0
FYN,1,0.0
FYP,1,0.0
FYQ,1,0.0
FYR,2,0.0
FYS,1,0.0
FYT,1,0.0
FYV,2,0.0
FYW,1,0.0
FYY,1,0.0
GAA,1,0.0
GAC,1,0.0
GAD,1,0.0
GAE,1,0.0
GAF,2,0.0
GAG,1,0.0
GAH,1,0.0
GAI,1,0.0
GAK,1,0.0
GAL,1,0.0
GAM,1,0.0
GAN,1,0.0
GAP,1,0.0
GAQ,1,0.0
GAR,1,0.0
GAS,1,0.0
GAT,1,0.0
GAV,1,0.0
GAW,1,0.0
GAY,1,0.0
GCA,1,0.0
GCC,1,0.0
GCD,1,0.0
GCE,1,0.0
GCF,1,0.0
GCG,1,0.0
GCH,1,0.0
GCI,1,0.0
GCK,1,0.0
GCL,1,0.0
GCM,1,0.0
GCN,1,0.0
GCP,1,0.0
GCQ,1,0.0
GCR,1,0.0
GCS,1,0.0
GCT,1,0.0
GCV,1,0.0
GCW,1,0.0
GCY,1,0.0
GDA,1,0.0
GDC,1,0.0
GDD,1,0.0
GDE,1,0.0
GDF,1,0.0
GDG,1,0.0
GDH,1,0.0
GDI,1,0.0
GDK,1,0.0
GDL,1,0.0
GDM,1,0.0
GDN,1,0.0
GDP,1,0.0
GDQ,1,0.0
GDR,1,0.0
GDS,1,0.0
GDT,1,0.0
GDV,1,0.0
GDW,1,0.0
GDY,1,0.0
GEA,1,0.0
GEC,1,0.0
GED,1,0.0
GEE,1,0.0
GEF,1,0.0
GEG,1,0.0
GEH,1,0.0
GEI,1,0.0
GEK,1,0.0
GEL,1,0.0
GEM,1,0.0
GEN,1,0.0
GEP,1,0.0
GEQ,1,0.0
GER,1,0.0
GES,1,0.0
GET,1,0.0
GEV,2,0.0
GEW,1,0.0
GEY,1,0.0
GFA,1,0.0
GFC,1,0.0
GFD,1,0.0
GFE,1,0.0
GFF,1,0.0
GFG,1,0.0
GFH,1,0.0
GFI,1,0.0
GFK,1,0.0
GFL,1,0.0
GFM,1,0.0
GFN,1,0.0
GFP,1,0.0
GFQ,1,0.0
GFR,1,0.0
GFS,1,0.0
GFT,2,0.0
GFV,1,0.0
GFW,1,0.0
GFY,1,0.0
GGA,1,0.0
GGC,1,0.0
GGD,1,0.0
GGE,1,0.0
GGF,1,0.0
GGG,1,0.0
GGH,1,0.0
GGI,1,0.0
GGK,1,0.0
GGL,1,0.0
GGM,1,0.0
GGN,1,0.0
GGP,1,0.0
GGQ,1,0.0
GGR,1,0.0
GGS,1,0.0
GGT,1,0.0
GGV,1,0.0
GGW,1,0.0
GGY,1,0.0
GHA,1,0.0
GHC,1,0.0
GHD,1,0.0
GHE,1,0.0
GHF,1,0.0
GHG,1,0.0
GHH,1,0.0
GHI,1,0.0
GHK,1,0.0
GHL,1,0.0
GHM,2,0.0
GHN,1,0.0
GHP,1,0.0
GHQ,1,0.0
GHR,1,0.0
GHS,1,0.0
GHT,1,0.0
GHV,1,0.0
GHW,2,0.0
GHY,1,0.0
GIA,1,0.0
GIC,1,0.0
GID,1,0.0
GIE,1,0.0
GIF,1,0.0
GIG,1,0.0
GIH,1,0.0
GII,1,0.0
GIK,1,0.0
GIL,1,0.0
GIM,2,0.0
GIN,1,0.0
GIP,1,0.0
GIQ,1,0.0
GIR,1,0.0
GIS,1,0.0
GIT,1,0.0
GIV,1,0.0
GIW,2,0.0
GIY,1,0.0
GKA,1,0.0
GKC,1,0.0
GKD,1,0.0
GKE,1,0.0
GKF,1,0.0
GKG,1,0.0
GKH,1,0.0
GKI,1,0.0
GKK,1,0.0
GKL,1,0.0
GKM,1,0.0
GKN,1,0.0
GKP,1,0.0
GKQ,2,0.0
GKR,2,0.0
GKS,1,0.0
GKT,1,0.0
GKV,1,0.0
GKW,1,0.0
GKY,1,0.0
GLA,1,0.0
GLC,1,0.0
GLD,1,0.0
GLE,1,0.0
GLF,1,0.0
GLG,1,0.0
GLH,1,0.0
GLI,1,0.0
GLK,1,0.0
GLL,1,0.0
GLM,1,0.0
GLN,1,0.0
GLP,1,0.0
GLQ,1,0.0
GLR,2,0.0
GLS,2,0.0
GLT,1,0.0
GLV,1,0.0
GLW,1,0.0
GLY,1,0.0
GMA,2,0.0
GMC,1,0.0
GMD,1,0.0
GME,1,0.0
GMF,1,0.0
GMG,1,0.0
GMH,1,0.0
GMI,1,0.0
GMK,1,0.0
GML,1,0.0
GMM,1,0.0
GMN,2,0.0
GMP,1,0.0
GMQ,1,0.0
GMR,2,0.0
GMS,1,0.0
GMT,1,0.0
GMV,1,0.0
GMW,1,0.0
GMY,1,0.0
GNA,1,0.0
GNC,1,0.0
GND,1,0.0
GNE,1,0.0
GNF,1,0.0
GNG,1,0.0
GNH,1,0.0
GNI,1,0.0
GNK,1,0.0
GNL,1,0.0
GNM,1,0.0
GNN,1,0.0
GNP,1,0.0
GNQ,1,0.0
GNR,1,0.0
GNS,2,0.0
GNT,1,0.0
GNV,1,0.0
GNW,1,0.0
GNY,2,0.0
GPA,1,0.0
GPC,1,0.0
GPD,2,0.0
GPE,1,0.0
GPF,1,0.0
GPG,1,0.0
GPH,2,0.0
GPI,1,0.0
GPK,1,0.0
GPL,1,0.0
GPM,1,0.0
GPN,1,0.0
GPP,1,0.0
GPQ,2,0.0
GPR,1,0.0
GPS,1,0.0
GPT,1,0.0
GPV,2,0.0
GPW,1,0.0
GPY,1,0.0
GQA,1,0.0
GQC,1,0.0
GQD,1,0.0
GQE,1,0.0
GQF,1,0.0
GQG,1,0.0
GQH,1,0.0
GQI,1,0.0
GQK,1,0.0
GQL,2,0.0
GQM,1,0.0
GQN,2,0.0
GQP,1,0.0
GQQ,1,0.0
GQR,1,0.0
GQS,1,0.0
GQT,1,0.0
GQV,1,0.0
GQW,1,0.0
GQY,1,0.0
GRA,1,0.0
GRC,1,0.0
GRD,1,0.0
GRE,1,0.0
GRF,1,0.0
GRG,1,0.0
GRH,1,0.0
GRI,1,0.0
GRK,2,0.0
GRL,1,0.0
GRM,1,0.0
GRN,2,0.0
GRP,1,0.0
GRQ,1,0.0
GRR,1,0.0
GRS,1,0.0
GRT,2,0.0
GRV,1,0.0
GRW,1,0.0
GRY,1,0.0
GSA,1,0.0
GSC,1,0.0
GSD,1,0.0
GSE,1,0.0
GSF,1,0.0
GSG,1,0.0
GSH,1,0.0
GSI,1,0.0
GSK,1,0.0
GSL,1,0.0
GSM,1,0.0
GSN,1,0.0
GSP,2,0.0
GSQ,1,0.0
GSR,1,0.0
GSS,1,0.0
GST,1,0.0
GSV,1,0.0
GSW,1,0.0
GSY,1,0.0
GTA,2,0.0
GTC,1,0.0
GTD,1,0.0
GTE,1,0.0
GTF,1,0.0
GTG,1,0.0
GTH,1,0.0
GTI,1,0.0
GTK,1,0.0
GTL,1,0.0
GTM,1,0.0
GTN,1,0.0
GTP,1,0.0
GTQ,1,0.0
GTR,2,0.0
GTS,1,0.0
GTT,1,0.0
GTV,2,0.0
GTW,1,0.0
GTY,2,0.0
GVA,1,0.0
GVC,1,0.0
GVD,1,0.0
GVE,1,0.0
GVF,1,0.0
GVG,2,0.0
GVH,2,0.0
GVI,2,0.0
GVK,1,0.0
GVL,1,0.0
GVM,1,0.0
GVN,1,0.0
GVP,1,0.0
GVQ,1,0.0
GVR,1,0.0
GVS,1,0.0
GVT,1,0.0
GVV,2,0.0
GVW,1,0.0
GVY,1,0.0
GWA,1,0.0
GWC,1,0.0
GWD,1,0.0
GWE,1,0.0
GWF,1,0.0
GWG,1,0.0
GWH,1,0.0
GWI,1,0.0
GWK,1,0.0
GWL,1,0.0
GWM,2,0.0
GWN,1,0.0
GWP,1,0.0
GWQ,1,0.0
GWR,1,0.0
GWS,1,0.0
GWT,1,0.0
GWV,1,0.0
GWW,1,0.0
GWY,1,0.0
GYA,1,0.0
GYC,2,0.0
GYD,1,0.0
GYE,1,0.0
GYF,1,0.0
GYG,1,0.0
GYH,1,0.0
GYI,1,0.0
GYK,2,0.0
GYL,1,0.0
GYM,1,0.0
GYN,1,0.0
GYP,1,0.0
GYQ,1,0.0
GYR,1,0.0
GYS,1,0.0
GYT,1,0.0
GYV,2,0.0
GYW,1,0.0
GYY,1,0.0
HAA,1,0.0
HAC,1,0.0
HAD,1,0.0
HAE,1,0.0
HAF,2,0.0
HAG,1,0.0
HAH,1,0.0
HAI,1,0.0
HAK,1,0.0
HAL,1,0.0
HAM,1,0.0
HAN,1,0.0
HAP,1,0.0
HAQ,1,0.0
HAR,1,0.0
HAS,1,0.0
HAT,1,0.0
HAV,1,0.0
HAW,2,0.0
HAY,1,0.0
HCA,1,0.0
HCC,1,0.0
HCD,1,0.0
HCE,1,0.0
HCF,1,0.0
HCG,1,0.0
HCH,1,0.0
HCI,1,0.0
HCK,1,0.0
HCL,1,0.0
HCM,1,0.0
HCN,1,0.0
HCP,1,0.0
HCQ,1,0.0
HCR,1,0.0
HCS,1,0.0
HCT,1,0.0
HCV,1,0.0
HCW,2,0.0
HCY,1,0.0
HDA,1,0.0
HDC,1,0.0
HDD,1,0.0
HDE,1,0.0
HDF,1,0.0
HDG,1,0.0
HDH,1,0.0
HDI,1,0.0
HDK,1,0.0
HDL,1,0.0
HDM,1,0.0
HDN,1,0.0
HDP,1,0.0
HDQ,1,0.0
HDR,1,0.0
HDS,1,0.0
HDT,1,0.0
HDV,1,0.0
HDW,2,0.0
HDY,1,0.0
HEA,1,0.0
HEC,1,0.0
HED,1,0.0
HEE,1,0.0
HEF,1,0.0
HEG,1,0.0
HEH,1,0.0
HEI,1,0.0
HEK,1,0.0
HEL,1,0.0
HEM,1,0.0
HEN,1,0.0
HEP,1,0.0
HEQ,1,0.0
HER,1,0.0
HES,1,0.0
HET,1,0.0
HEV,2,0.0
HEW,2,0.0
HEY,1,0.0
HFA,1,0.0
HFC,1,0.0
HFD,1,0.0
HFE,1,0.0
HFF,1,0.0
HFG,1,0.0
HFH,1,0.0
HFI,1,0.0
HFK,1,0.0
HFL,1,0.0
HFM,1,0.0
HFN,1,0.0
HFP,1,0.0
HFQ,1,0.0
HFR,1,0.0
HFS,1,0.0
HFT,2,0.0
HFV,1,0.0
HFW,2,0.0
HFY,1,0.0
HGA,1,0.0
HGC,1,0.0
HGD,1,0.0
HGE,1,0.0
HGF,1,0.0
HGG,1,0.0
HGH,1,0.0
HGI,1,0.0
HGK,1,0.0
HGL,1,0.0
HGM,1,0.0
HGN,1,0.0
HGP,1,0.0
HGQ,1,0.0
HGR,1,0.0
HGS,1,0.0
HGT,1,0.0
HGV,1,0.0
HGW,2,0.0
HGY,1,0.0
HHA,1,0.0
HHC,1,0.0
HHD,1,0.0
HHE,1,0.0
HHF,1,0.0
HHG,1,0.0
HHH,1,0.0
HHI,1,0.0
HHK,1,0.0
HHL,1,0.0
HHM,2,0.0
HHN,1,0.0
HHP,1,0.0
HHQ,1,0.0
HHR,1,0.0
HHS,1,0.0
HHT,1,0.0
HHV,1,0.0
HHW,2,0.0
HHY,1,0.0
HIA,1,0.0
HIC,1,0.0
HID,1,0.0
HIE,1,0.0
HIF,1,0.0
HIG,1,0.0
HIH,1,0.0
HII,1,0.0
HIK,1,0.0
HIL,1,0.0
HIM,2,0.0
HIN,1,0.0
HIP,1,0.0
HIQ,1,0.0
HIR,1,0.0
HIS,1,0.0
HIT,1,0.0
HIV,1,0.0
HIW,2,0.0
HIY,1,0.0
HKA,1,0.0
HKC,1,0.0
HKD,1,0.0
HKE,1,0.0
HKF,1,0.0
HKG,1,0.0
HKH,1,0.0
HKI,1,0.0
HKK,1,0.0
HKL,1,0.0
HKM,1,0.0
HKN,1,0.0
HKP,1,0.0
HKQ,2,0.0
HKR,2,0.0
HKS,1,0.0
HKT,1,0.0
HKV,1,0.0
HKW,2,0.0
HKY,1,0.0
HLA,1,0.0
HLC,1,0.0
HLD,1,0.0
HLE,1,0.0
HLF,1,0.0
HLG,1,0.0
HLH,1,0.0
HLI,1,0.0
HLK,1,0.0
HLL,1,0.0
HLM,1,0.0
HLN,1,0.0
HLP,1,0.0
HLQ,1,0.0
HLR,2,0.0
HLS,2,0.0
HLT,1,0.0
HLV,1,0.0
HLW,2,0.0
HLY,1,0.0
HMA,2,0.0
HMC,2,0.0
HMD,2,0.0
HME,2,0.0
HMF,2,0.0
HMG,2,0.0
HMH,2,0.0
HMI,2,0.0
HMK,2,0.0
HML,2,0.0
HMM,2,0.0
HMN,2,0.0
HMP,2,0.0
HMQ,2,0.0
HMR,2,0.0
HMS,2,0.0
HMT,2,0.0
HMV,2,0.0
HMW,2,0.0
HMY,2,0.0
HNA,1,0.0
HNC,1,0.0
HND,1,0.0
HNE,1,0.0
HNF,1,0.0
HNG,1,0.0
HNH,1,0.0
HNI,1,0.0
HNK,1,0.0
HNL,1,0.0
HNM,1,0.0
HNN,1,0.0
HNP,1,0.0
HNQ,1,0.0
HNR,1,0.0
HNS,2,0.0
HNT,1,0.0
HNV,1,0.0
HNW,2,0.0
HNY,2,0.0
HPA,1,0.0
HPC,1,0.0
HPD,2,0.0
HPE,1,0.0
HPF,1,0.0
HPG,1,0.0
HPH,2,0.0
HPI,1,0.0
HPK,1,0.0
HPL,1,0.0
HPM,1,0.0
HPN,1,0.0
HPP,1,0.0
HPQ,2,0.0
HPR,1,0.0
HPS,1,0.0
HPT,1,0.0
HPV,2,0.0
HPW,2,0.0
HPY,1,0.0
HQA,1,0.0
HQC,1,0.0
HQD,1,0.0
HQE,1,0.0
HQF,1,0.0
HQG,1,0.0
HQH,1,0.0
HQI,1,0.0
HQK,1,0.0
HQL,2,0.0
HQM,1,0.0
HQN,2,0.0
HQP,1,0.0
HQQ,1,0.0
HQR,1,0.0
HQS,1,0.0
HQT,1,0.0
HQV,1,0.0
HQW,2,0.0
HQY,1,0.0
HRA,1,0.0
HRC,1,0.0
HRD,1,0.0
HRE,1,0.0
HRF,1,0.0
HRG,1,0.0
HRH,1,0.0
HRI,1,0.0
HRK,2,0.0
HRL,1,0.0
HRM,1,0.0
HRN,2,0.0
HRP,1,0.0
HRQ,1,0.0
HRR,1,0.0
HRS,1,0.0
HRT,2,0.0
HRV,1,0.0
HRW,2,0.0
HRY,1,0.0
HSA,1,0.0
HSC,1,0.0
HSD,1,0.0
HSE,1,0.0
HSF,1,0.0
HSG,1,0.0
HSH,1,0.0
HSI,1,0.0
HSK,1,0.0
HSL,1,0.0
HSM,1,0.0
HSN,1,0.0
HSP,2,0.0
HSQ,1,0.0
HSR,1,0.0
HSS,1,0.0
HST,1,0.0
HSV,1,0.0
HSW,2,0.0
HSY,1,0.0
HTA,2,0.0
HTC,1,0.0
HTD,1,0.0
HTE,1,0.0
HTF,1,0.0
HTG,1,0.0
HTH,1,0.0
HTI,1,0.0
HTK,1,0.0
HTL,1,0.0
HTM,1,0.0
HTN,1,0.0
HTP,1,0.0
HTQ,1,0.0
HTR,2,0.0
HTS,1,0.0
HTT,1,0.0
HTV,2,0.0
HTW,2,0.0
HTY,2,0.0
HVA,1,0.0
HVC,1,0.0
HVD,1,0.0
HVE,1,0.0
HVF,1,0.0
HVG,2,0.0
HVH,2,0.0
HVI,2,0.0
HVK,1,0.0
HVL,1,0.0
HVM,1,0.0
HVN,1,0.0
HVP,1,0.0
HVQ,1,0.0
HVR,1,0.0
HVS,1,0.0
HVT,1,0.0
HVV,2,0.0
HVW,2,0.0
HVY,1,0.0
HWA,2,0.0
HWC,2,0.0
HWD,2,0.0
HWE,2,0.0
HWF,2,0.0
HWG,2,0.0
HWH,2,0.0
HWI,2,0.0
HWK,2,0.0
HWL,2,0.0
HWM,2,0.0
HWN,2,0.0
HWP,2,0.0
HWQ,2,0.0
HWR,2,0.0
HWS,2,0.0
HWT,2,0.0
HWV,2,0.0
HWW,2,0.0
HWY,2,0.0
HYA,1,0.0
HYC,2,0.0
HYD,1,0.0
HYE,1,0.0
HYF,1,0.0
HYG,1,0.0
HYH,1,0.0
HYI,1,0.0
HYK,2,0.0
HYL,1,0.0
HYM,1,0.0
HYN,1,0.0
HYP,1,0.0
HYQ,1,0.0
HYR,1,0.0
HYS,1,0.0
HYT,1,0.0
HYV,2,0.0
HYW,2,0.0
HYY,1,0.0
IAA,1,0.0
IAC,1,0.0
IAD,1,0.0
IAE,1,0.0
IAF,2,0.0
IAG,1,0.0
IAH,1,0.0
IAI,1,0.0
IAK,1,0.0
IAL,1,0.0
IAM,2,0.0
IAN,1,0.0
IAP,1,0.0
IAQ,1,0.0
IAR,2,0.0
IAS,1,0.0
IAT,1,0.0
IAV,1,0.0
IAW,1,0.0
IAY,1,0.0
ICA,1,0.0
ICC,1,0.0
ICD,1,0.0
ICE,1,0.0
ICF,1,0.0
ICG,1,0.0
ICH,1,0.0
ICI,1,0.0
ICK,1,0.0
ICL,1,0.0
ICM,2,0.0
ICN,1,0.0
ICP,1,0.0
ICQ,1,0.0
ICR,2,0.0
ICS,1,0.0
ICT,1,0.0
ICV,1,0.0
ICW,1,0.0
ICY,1,0.0
IDA,1,0.0
IDC,1,0.0
IDD,1,0.0
IDE,1,0.0
IDF,1,0.0
IDG,1,0.0
IDH,1,0.0
IDI,1,0.0
IDK,1,0.0
IDL,1,0.0
IDM,2,0.0
IDN,1,0.0
IDP,1,0.0
IDQ,1,0.0
IDR,2,0.0
IDS,1,0.0
IDT,1,0.0
IDV,1,0.0
IDW,1,0.0
IDY,1,0.0
IEA,1,0.0
IEC,1,0.0
IED,1,0.0
IEE,1,0.0
IEF,1,0.0
IEG,1,0.0
IEH,1,0.0
IEI,1,0.0
IEK,1,0.0
IEL,1,0.0
IEM,2,0.0
IEN,1,0.0
IEP,1,0.0
IEQ,1,0.0
IER,2,0.0
IES,1,0.0
IET,1,0.0
IEV,2,0.0
IEW,1,0.0
IEY,1,0.0
IFA,1,0.0
IFC,1,0.0
IFD,1,0.0
IFE,1,0.0
IFF,1,0.0
IFG,1,0.0
IFH,1,0.0
IFI,1,0.0
IFK,1,0.0
IFL,1,0.0
IFM,2,0.0
IFN,1,0.0
IFP,1,0.0
IFQ,1,0.0
IFR,2,0.0
IFS,1,0.0
IFT,2,0.0
IFV,1,0.0
IFW,1,0.0
IFY,1,0.0
IGA,1,0.0
IGC,1,0.0
IGD,1,0.0
IGE,1,0.0
IGF,1,0.0
IGG,1,0.0
IGH,1,0.0
IGI,1,0.0
IGK,1,0.0
IGL,1,0.0
IGM,2,0.0
IGN,1,0.0
IGP,1,0.0
IGQ,1,0.0
IGR,2,0.0
IGS,1,0.0
IGT,1,0.0
IGV,1,0.0
IGW,1,0.0
IGY,1,0.0
IHA,1,0.0
IHC,1,0.0
IHD,1,0.0
IHE,1,0.0
IHF,1,0.0
IHG,1,0.0
IHH,1,0.0
IHI,1,0.0
IHK,1,0.0
IHL,1,0.0
IHM,2,0.0
IHN,1,0.0
IHP,1,0.0
IHQ,1,0.0
IHR,2,0.0
IHS,1,0.0
IHT,1,0.0
IHV,1,0.0
IHW,2,0.0
IHY,1,0.0
IIA,1,0.0
IIC,1,0.0
IID,1,0.0
IIE,1,0.0
IIF,1,0.0
IIG,1,0.0
IIH,1,0.0
III,1,0.0
IIK,1,0.0
IIL,1,0.0
IIM,2,0.0
IIN,1,0.0
IIP,1,0.0
IIQ,1,0.0
IIR,2,0.0
IIS,1,0.0
IIT,1,0.0
IIV,1,0.0
IIW,2,0.0
IIY,1,0.0
IKA,1,0.0
IKC,1,0.0
IKD,1,0.0
IKE,1,0.0
IKF,1,0.0
IKG,1,0.0
IKH,1,0.0
IKI,1,0.0
IKK,1,0.0
IKL,1,0.0
IKM,2,0.0
IKN,1,0.0
IKP,1,0.0
IKQ,2,0.0
IKR,2,0.0
IKS,1,0.0
IKT,1,0.0
IKV,1,0.0
IKW,1,0.0
IKY,1,0.0
ILA,1,0.0
ILC,1,0.0
ILD,1,0.0
ILE,1,0.0
ILF,1,0.0
ILG,1,0.0
ILH,1,0.0
ILI,1,0.0
ILK,1,0.0
ILL,1,0.0
ILM,2,0.0
ILN,1,0.0
ILP,1,0.0
ILQ,1,0.0
ILR,2,0.0
ILS,2,0.0
ILT,1,0.0
ILV,1,0.0
ILW,1,0.0
ILY,1,0.0
IMA,2,0.0
IMC,2,0.0
IMD,2,0.0
IME,2,0.0
IMF,2,0.0
IMG,2,0.0
IMH,2,0.0
IMI,2,0.0
IMK,2,0.0
IML,2,0.0
IMM,2,0.0
IMN,2,0.0
IMP,2,0.0
IMQ,2,0.0
IMR,3,0.0
IMS,2,0.0
IMT,2,0.0
IMV,2,0.0
IMW,2,0.0
IMY,2,0.0
INA,1,0.0
INC,1,0.0
IND,1,0.0
INE,1,0.0
INF,1,0.0
ING,1,0.0
INH,1,0.0
INI,1,0.0
INK,1,0.0
INL,1,0.0
INM,2,0.0
INN,1,0.0
INP,1,0.0
INQ,1,0.0
INR,2,0.0
INS,2,0.0
INT,1,0.0
INV,1,0.0
INW,1,0.0
INY,2,0.0
IPA,1,0.0
IPC,1,0.0
IPD,2,0.0
IPE,1,0.0
IPF,1,0.0
IPG,1,0.0
IPH,2,0.0
IPI,1,0.0
IPK,1,0.0
IPL,1,0.0
IPM,2,0.0
IPN,1,0.0
IPP,1,0.0
IPQ,2,0.0
IPR,2,0.0
IPS,1,0.0
IPT,1,0.0
IPV,2,0.0
IPW,1,0.0
IPY,1,0.0
IQA,1,0.0
IQC,1,0.0
IQD,1,0.0
IQE,1,0.0
IQF,1,0.0
IQG,1,0.0
IQH,1,0.0
IQI,1,0.0
IQK,1,0.0
IQL,2,0.0
IQM,2,0.0
IQN,2,0.0
IQP,1,0.0
IQQ,1,0.0
IQR,2,0.0
IQS,1,0.0
IQT,1,0.0
IQV,1,0.0
IQW,1,0.0
IQY,1,0.0
IRA,1,0.0
IRC,1,0.0
IRD,1,0.0
IRE,1,0.0
IRF,1,0.0
IRG,1,0.0
IRH,1,0.0
IRI,1,0.0
IRK,2,0.0
IRL,1,0.0
IRM,2,0.0
IRN,2,0.0
IRP,1,0.0
IRQ,1,0.0
IRR,2,0.0
IRS,1,0.0
IRT,2,0.0
IRV,1,0.0
IRW,1,0.0
IRY,1,0.0
ISA,1,0.0
ISC,1,0.0
ISD,1,0.0
ISE,1,0.0
ISF,1,0.0
ISG,1,0.0
ISH,1,0.0
ISI,1,0.0
ISK,1,0.0
ISL,1,0.0
ISM,2,0.0
ISN,1,0.0
ISP,2,0.0
ISQ,1,0.0
ISR,2,0.0
ISS,1,0.0
IST,1,0.0
ISV,1,0.0
ISW,1,0.0
ISY,1,0.0
ITA,2,0.0
ITC,1,0.0
ITD,1,0.0
ITE,1,0.0
ITF,1,0.0
ITG,1,0.0
ITH,1,0.0
ITI,1,0.0
ITK,1,0.0
ITL,1,0.0
ITM,2,0.0
ITN,1,0.0
ITP,1,0.0
ITQ,1,0.0
ITR,2,0.0
ITS,1,0.0
ITT,1,0.0
ITV,2,0.0
ITW,1,0.0
ITY,2,0.0
IVA,1,0.0
IVC,1,0.0
IVD,1,0.0
IVE,1,0.0
IVF,1,0.0
IVG,2,0.0
IVH,2,0.0
IVI,2,0.0
IVK,1,0.0
IVL,1,0.0
IVM,2,0.0
IVN,1,0.0
IVP,1,0.0
IVQ,1,0.0
IVR,2,0.0
IVS,1,0.0
IVT,1,0.0
IVV,2,0.0
IVW,1,0.0
IVY,1,0.0
IWA,2,0.0
IWC,2,0.0
IWD,2,0.0
IWE,2,0.0
IWF,2,0.0
IWG,2,0.0
IWH,2,0.0
IWI,2,0.0
IWK,2,0.0
IWL,2,0.0
IWM,3,0.20425394646355194
IWN,2,0.0
IWP,2,0.0
IWQ,2,0.0
IWR,2,0.0
IWS,2,0.0
IWT,2,0.0
IWV,2,0.0
IWW,2,0.0
IWY,2,0.0
IYA,1,0.0
IYC,2,0.0
IYD,1,0.0
IYE,1,0.0
IYF,1,0.0
IYG,1,0.0
IYH,1,0.0
IYI,1,0.0
IYK,2,0.0
IYL,1,0.0
IYM,2,0.0
IYN,1,0.0
IYP,1,0.0
IYQ,1,0.0
IYR,2,0.0
IYS,1,0.0
IYT,1,0.0
IYV,2,0.0
IYW,1,0.0
IYY,1,0.0
KAA,1,0.0
KAC,1,0.0
KAD,1,0.0
KAE,1,0.0
KAF,2,0.0
KAG,1,0.0
KAH,1,0.0
KAI,1,0.0
KAK,1,0.0
KAL,1,0.0
KAM,1,0.0
KAN,1,0.0
KAP,1,0.0
KAQ,2,0.0
KAR,2,0.0
KAS,1,0.0
KAT,1,0.0
KAV,1,0.0
KAW,1,0.0
KAY,1,0.0
KCA,1,0.0
KCC,1,0.0
KCD,1,0.0
KCE,1,0.0
KCF,1,0.0
KCG,1,0.0
KCH,1,0.0
KCI,1,0.0
KCK,1,0.0
KCL,1,0.0
KCM,1,0.0
KCN,1,0.0
KCP,1,0.0
KCQ,2,0.0
KCR,2,0.0
KCS,1,0.0
KCT,1,0.0
KCV,1,0.0
KCW,1,0.0
KCY,1,0.0
KDA,1,0.0
KDC,1,0.0
KDD,1,0.0
KDE,1,0.0
KDF,1,0.0
KDG,1,0.0
KDH,1,0.0
KDI,1,0.0
KDK,1,0.0
KDL,1,0.0
KDM,1,0.0
KDN,1,0.0
KDP,1,0.0
KDQ,2,0.0
KDR,2,0.0
KDS,1,0.0
KDT,1,0.0
KDV,1,0.0
KDW,1,0.0
KDY,1,0.0
KEA,1,0.0
KEC,1,0.0
KED,1,0.0
KEE,1,0.0
KEF,1,0.0
KEG,1,0.0
KEH,1,0.0
KEI,1,0.0
KEK,1,0.0
KEL,1,0.0
KEM,1,0.0
KEN,1,0.0
KEP,1,0.0
KEQ,2,0.0
KER,2,0.0
KES,1,0.0
KET,1,0.0
KEV,2,0.0
KEW,1,0.0
KEY,1,0.0
KFA,1,0.0
KFC,1,0.0
KFD,1,0.0
KFE,1,0.0
KFF,1,0.0
KFG,1,0.0
KFH,1,0.0
KFI,1,0.0
KFK,1,0.0
KFL,1,0.0
KFM,1,0.0
KFN,1,0.0
KFP,1,0.0
KFQ,2,0.0
KFR,2,0.0
KFS,1,0.0
KFT,2,0.0
KFV,1,0.0
KFW,1,0.0
KFY,1,0.0
KGA,1,0.0
KGC,1,0.0
KGD,1,0.0
KGE,1,0.0
KGF,1,0.0
KGG,1,0.0
KGH,1,0.0
KGI,1,0.0
KGK,1,0.0
KGL,1,0.0
KGM,1,0.0
KGN,1,0.0
KGP,1,0.0
KGQ,2,0.0
KGR,2,0.0
KGS,1,0.0
KGT,1,0.0
KGV,1,0.0
KGW,1,0.0
KGY,1,0.0
KHA,1,0.0
KHC,1,0.0
KHD,1,0.0
KHE,1,0.0
KHF,1,0.0
KHG,1,0.0
KHH,1,0.0
KHI,1,0.0
KHK,1,0.0
KHL,1,0.0
KHM,2,0.0
KHN,1,0.0
KHP,1,0.0
KHQ,2,0.0
KHR,2,0.0
KHS,1,0.0
KHT,1,0.0
KHV,1,0.0
KHW,2,0.0
KHY,1,0.0
KIA,1,0.0
KIC,1,0.0
KID,1,0.0
KIE,1,0.0
KIF,1,0.0
KIG,1,0.0
KIH,1,0.0
KII,1,0.0
KIK,1,0.0
KIL,1,0.0
KIM,2,0.0
KIN,1,0.0
KIP,1,0.0
KIQ,2,0.0
KIR,2,0.0
KIS,1,0.0
KIT,1,0.0
KIV,1,0.0
KIW,2,0.0
KIY,1,0.0
KKA,1,0.0
KKC,1,0.0
KKD,1,0.0
KKE,1,0.0
KKF,1,0.0
KKG,1,0.0
KKH,1,0.0
KKI,1,0.0
KKK,1,0.0
KKL,1,0.0
KKM,1,0.0
KKN,1,0.0
KKP,1,0.0
KKQ,2,0.0
KKR,2,0.0
KKS,1,0.0
KKT,1,0.0
KKV,1,0.0
KKW,1,0.0
KKY,1,0.0
KLA,1,0.0
KLC,1,0.0
KLD,1,0.0
KLE,1,0.0
KLF,1,0.0
KLG,1,0.0
KLH,1,0.0
KLI,1,0.0
KLK,1,0.0
KLL,1,0.0
KLM,1,0.0
KLN,1,0.0
KLP,1,0.0
KLQ,2,0.0
KLR,2,0.0
KLS,2,0.0
KLT,1,0.0
KLV,1,0.0
KLW,1,0.0
KLY,1,0.0
KMA,2,0.0
KMC,1,0.0
KMD,1,0.0
KME,1,0.0
KMF,1,0.0
KMG,1,0.0
KMH,1,0.0
KMI,1,0.0
KMK,1,0.0
KML,1,0.0
KMM,1,0.0
KMN,2,0.0
KMP,1,0.0
KMQ,2,0.0
KMR,2,0.0
KMS,1,0.0
KMT,1,0.0
KMV,1,0.0
KMW,1,0.0
KMY,1,0.0
KNA,1,0.0
KNC,1,0.0
KND,1,0.0
KNE,1,0.0
KNF,1,0.0
KNG,1,0.0
KNH,1,0.0
KNI,1,0.0
KNK,1,0.0
KNL,1,0.0
KNM,1,0.0
KNN,1,0.0
KNP,1,0.0
KNQ,2,0.0
KNR,2,0.0
KNS,2,0.0
KNT,1,0.0
KNV,1,0.0
KNW,1,0.0
KNY,2,0.0
KPA,1,0.0
KPC,1,0.0
KPD,2,0.0
KPE,1,0.0
KPF,1,0.0
KPG,1,0.0
KPH,2,0.0
KPI,1,0.0
KPK,1,0.0
KPL,1,0.0
KPM,1,0.0
KPN,1,0.0
KPP,1,0.0
KPQ,2,0.0
KPR,2,0.0
KPS,1,0.0
KPT,1,0.0
KPV,2,0.0
KPW,1,0.0
KPY,1,0.0
KQA,2,0.0
KQC,2,0.0
KQD,2,0.0
KQE,2,0.0
KQF,2,0.0
KQG,2,0.0
KQH,2,0.0
KQI,2,0.0
KQK,2,0.0
KQL,2,0.0
KQM,2,0.0
KQN,2,0.0
KQP,2,0.0
KQQ,2,0.0
KQR,2,0.0
KQS,2,0.0
KQT,2,0.0
KQV,2,0.0
KQW,2,0.0
KQY,2,0.0
KRA,2,0.0
KRC,2,0.0
KRD,2,0.0
KRE,2,0.0
KRF,2,0.0
KRG,2,0.0
KRH,2,0.0
KRI,2,0.0
KRK,2,0.0
KRL,2,0.0
KRM,2,0.0
KRN,2,0.0
KRP,2,0.0
KRQ,2,0.0
KRR,2,0.0
KRS,2,0.0
KRT,2,0.0
KRV,2,0.0
KRW,2,0.0
KRY,2,0.0
KSA,1,0.0
KSC,1,0.0
KSD,1,0.0
KSE,1,0.0
KSF,1,0.0
KSG,1,0.0
KSH,1,0.0
KSI,1,0.0
KSK,1,0.0
KSL,1,0.0
KSM,1,0.0
KSN,1,0.0
KSP,2,0.0
KSQ,2,0.0
KSR,2,0.0
KSS,1,0.0
KST,1,0.0
KSV,1,0.0
KSW,1,0.0
KSY,1,0.0
KTA,2,0.0
KTC,1,0.0
KTD,1,0.0
KTE,1,0.0
KTF,1,0.0
KTG,1,0.0
KTH,1,0.0
KTI,1,0.0
KTK,1,0.0
KTL,1,0.0
KTM,1,0.0
KTN,1,0.0
KTP,1,0.0
KTQ,2,0.0
KTR,2,0.0
KTS,1,0.0
KTT,1,0.0
KTV,2,0.0
KTW,1,0.0
KTY,2,0.0
KVA,1,0.0
KVC,1,0.0
KVD,1,0.0
KVE,1,0.0
KVF,1,0.0
KVG,2,0.0
KVH,2,0.0
KVI,2,0.0
KVK,1,0.0
KVL,1,0.0
KVM,1,0.0
KVN,1,0.0
KVP,1,0.0
KVQ,2,0.0
KVR,2,0.0
KVS,1,0.0
KVT,1,0.0
KVV,2,0.0
KVW,1,0.0
KVY,1,0.0
KWA,1,0.0
KWC,1,0.0
KWD,1,0.0
KWE,1,0.0
KWF,1,0.0
KWG,1,0.0
KWH,1,0.0
KWI,1,0.0
KWK,1,0.0
KWL,1,0.0
KWM,2,0.0
KWN,1,0.0
KWP,1,0.0
KWQ,2,0.0
KWR,2,0.0
KWS,1,0.0
KWT,1,0.0
KWV,1,0.0
KWW,1,0.0
KWY,1,0.0
KYA,1,0.0
KYC,2,0.0
KYD,1,0.0
KYE,1,0.0
KYF,1,0.0
KYG,1,0.0
KYH,1,0.0
KYI,1,0.0
KYK,2,0.0
KYL,1,0.0
KYM,1,0.0
KYN,1,0.0
KYP,1,0.0
KYQ,2,0.0
KYR,2,0.0
KYS,1,0.0
KYT,1,0.0
KYV,2,0.0
KYW,1,0.0
KYY,1,0.0
LAA,1,0.0
LAC,1,0.0
LAD,1,0.0
LAE,1,0.0
LAF,2,0.0
LAG,1,0.0
LAH,1,0.0
LAI,1,0.0
LAK,1,0.0
LAL,1,0.0
LAM,1,0.0
LAN,2,0.0
LAP,1,0.0
LAQ,1,0.0
LAR,1,0.0
LAS,2,0.0
LAT,1,0.0
LAV,1,0.0
LAW,1,0.0
LAY,1,0.0
LCA,1,0.0
LCC,1,0.0
LCD,1,0.0
LCE,1,0.0
LCF,1,0.0
LCG,1,0.0
LCH,1,0.0
LCI,1,0.0
LCK,1,0.0
LCL,1,0.0
LCM,1,0.0
LCN,2,0.0
LCP,1,0.0
LCQ,1,0.0
LCR,1,0.0
LCS,2,0.0
LCT,1,0.0
LCV,1,0.0
LCW,1,0.0
LCY,1,0.0
LDA,1,0.0
LDC,1,0.0
LDD,1,0.0
LDE,1,0.0
LDF,1,0.0
LDG,1,0.0
LDH,1,0.0
LDI,1,0.0
LDK,1,0.0
LDL,1,0.0
LDM,1,0.0
LDN,2,0.0
LDP,1,0.0
LDQ,1,0.0
LDR,1,0.0
LDS,2,0.0
LDT,1,0.0
LDV,1,0.0
LDW,1,0.0
LDY,1,0.0
LEA,1,0.0
LEC,1,0.0
LED,1,0.0
LEE,1,0.0
LEF,1,0.0
LEG,1,0.0
LEH,1,0.0
LEI,1,0.0
LEK,1,0.0
LEL,1,0.0
LEM,1,0.0
LEN,2,0.0
LEP,1,0.0
LEQ,1,0.0
LER,1,0.0
LES,2,0.0
LET,1,0.0
LEV,2,0.0
LEW,1,0.0
LEY,1,0.0
LFA,1,0.0
LFC,1,0.0
LFD,1,0.0
LFE,1,0.0
LFF,1,0.0
LFG,1,0.0
LFH,1,0.0
LFI,1,0.0
LFK,1,0.0
LFL,1,0.0
LFM,1,0.0
LFN,2,0.0
LFP,1,0.0
LFQ,1,0.0
LFR,1,0.0
LFS,2,0.0
LFT,2,0.0
LFV,1,0.0
LFW,1,0.0
LFY,1,0.0
LGA,1,0.0
LGC,1,0.0
LGD,1,0.0
LGE,1,0.0
LGF,1,0.0
LGG,1,0.0
LGH,1,0.0
LGI,1,0.0
LGK,1,0.0
LGL,1,0.0
LGM,1,0.0
LGN,2,0.0
LGP,1,0.0
LGQ,1,0.0
LGR,1,0.0
LGS,2,0.0
LGT,1,0.0
LGV,1,0.0
LGW,1,0.0
LGY,1,0.0
LHA,1,0.0
LHC,1,0.0
LHD,1,0.0
LHE,1,0.0
LHF,1,0.0
LHG,1,0.0
LHH,1,0.0
LHI,1,0.0
LHK,1,0.0
LHL,1,0.0
LHM,2,0.0
LHN,2,0.0
LHP,1,0.0
LHQ,1,0.0
LHR,1,0.0
LHS,2,0.0
LHT,1,0.0
LHV,1,0.0
LHW,2,0.0
LHY,1,0.0
LIA,1,0.0
LIC,1,0.0
LID,1,0.0
LIE,1,0.0
LIF,1,0.0
LIG,1,0.0
LIH,1,0.0
LII,1,0.0
LIK,1,0.0
LIL,1,0.0
LIM,2,0.0
LIN,2,0.0
LIP,1,0.0
LIQ,1,0.0
LIR,1,0.0
LIS,2,0.0
LIT,1,0.0
LIV,1,0.0
LIW,2,0.0
LIY,1,0.0
LKA,1,0.0
LKC,1,0.0
LKD,1,0.0
LKE,1,0.0
LKF,1,0.0
LKG,1,0.0
LKH,1,0.0
LKI,1,0.0
LKK,1,0.0
LKL,1,0.0
LKM,1,0.0
LKN,2,0.0
LKP,1,0.0
LKQ,2,0.0
LKR,2,0.0
LKS,2,0.0
LKT,1,0.0
LKV,1,0.0
LKW,1,0.0
LKY,1,0.0
LLA,1,0.0
LLC,1,0.0
LLD,1,0.0
LLE,1,0.0
LLF,1,0.0
LLG,1,0.0
LLH,1,0.0
LLI,1,0.0
LLK,1,0.0
LLL,1,0.0
LLM,1,0.0
LLN,2,0.0
LLP,1,0.0
LLQ,1,0.0
LLR,2,0.0
LLS,2,0.0
LLT,1,0.0
LLV,1,0.0
LLW,1,0.0
LLY,1,0.0
LMA,2,0.0
LMC,1,0.0
LMD,1,0.0
LME,1,0.0
LMF,1,0.0
LMG,1,0.0
LMH,1,0.0
LMI,1,0.0
LMK,1,0.0
LML,1,0.0
LMM,1,0.0
LMN,2,0.0
LMP,1,0.0
LMQ,1,0.0
LMR,2,0.0
LMS,2,0.0
LMT,1,0.0
LMV,1,0.0
LMW,1,0.0
LMY,1,0.0
LNA,1,0.0
LNC,1,0.0
LND,1,0.0
LNE,1,0.0
LNF,1,0.0
LNG,1,0.0
LNH,1,0.0
LNI,1,0.0
LNK,1,0.0
LNL,1,0.0
LNM,1,0.0
LNN,2,0.0
LNP,1,0.0
LNQ,1,0.0
LNR,1,0.0
LNS,2,0.0
LNT,1,0.0
LNV,1,0.0
LNW,1,0.0
LNY,2,0.0
LPA,1,0.0
LPC,1,0.0
LPD,2,0.0
LPE,1,0.0
LPF,1,0.0
LPG,1,0.0
LPH,2,0.0
LPI,1,0.0
LPK,1,0.0
LPL,1,0.0
LPM,1,0.0
LPN,2,0.0
LPP,1,0.0
LPQ,2,0.0
LPR,1,0.0
LPS,2,0.0
LPT,1,0.0
LPV,2,0.0
LPW,1,0.0
LPY,1,0.0
LQA,1,0.0
LQC,1,0.0
LQD,1,0.0
LQE,1,0.0
LQF,1,0.0
LQG,1,0.0
LQH,1,0.0
LQI,1,0.0
LQK,1,0.0
LQL,2,0.0
LQM,1,0.0
LQN,2,0.0
LQP,1,0.0
LQQ,1,0.0
LQR,1,0.0
LQS,2,0.0
LQT,1,0.0
LQV,1,0.0
LQW,1,0.0
LQY,1,0.0
LRA,2,0.0
LRC,2,0.0
LRD,2,0.0
LRE,2,0.0
LRF,2,0.0
LRG,2,0.0
LRH,2,0.0
LRI,2,0.0
LRK,2,0.0
LRL,2,0.0
LRM,2,0.0
LRN,3,0.0
LRP,2,0.0
LRQ,2,0.0
LRR,2,0.0
LRS,2,0.0
LRT,2,0.0
LRV,2,0.0
LRW,2,0.0
LRY,2,0.0
LSA,2,0.0
LSC,2,0.0
LSD,2,0.0
LSE,2,0.0
LSF,2,0.0
LSG,2,0.0
LSH,2,0.0
LSI,2,0.0
LSK,2,0.0
LSL,2,0.0
LSM,2,0.0
LSN,2,0.0
LSP,2,0.0
LSQ,2,0.0
LSR,2,0.0
LSS,2,0.0
LST,2,0.0
LSV,2,0.0
LSW,2,0.0
LSY,2,0.0
LTA,2,0.0
LTC,1,0.0
LTD,1,0.0
LTE,1,0.0
LTF,1,0.0
LTG,1,0.0
LTH,1,0.0
LTI,1,0.0
LTK,1,0.0
LTL,1,0.0
LTM,1,0.0
LTN,2,0.0
LTP,1,0.0
LTQ,1,0.0
LTR,2,0.0
LTS,2,0.0
LTT,1,0.0
LTV,2,0.0
LTW,1,0.0
LTY,2,0.0
LVA,1,0.0
LVC,1,0.0
LVD,1,0.0
LVE,1,0.0
LVF,1,0.0
LVG,2,0.0
LVH,2,0.0
LVI,2,0.0
LVK,1,0.0
LVL,1,0.0
LVM,1,0.0
LVN,2,0.0
LVP,1,0.0
LVQ,1,0.0
LVR,1,0.0
LVS,2,0.0
LVT,1,0.0
LVV,2,0.0
LVW,1,0.0
LVY,1,0.0
LWA,1,0.0
LWC,1,0.0
LWD,1,0.0
LWE,1,0.0
LWF,1,0.0
LWG,1,0.0
LWH,1,0.0
LWI,1,0.0
LWK,1,0.0
LWL,1,0.0
LWM,2,0.0
LWN,2,0.0
LWP,1,0.0
LWQ,1,0.0
LWR,1,0.0
LWS,2,0.0
LWT,1,0.0
LWV,1,0.0
LWW,1,0.0
LWY,1,0.0
LYA,1,0.0
LYC,2,0.0
LYD,1,0.0
LYE,1,0.0
LYF,1,0.0
LYG,1,0.0
LYH,1,0.0
LYI,1,0.0
LYK,2,0.0
LYL,1,0.0
LYM,1,0.0
LYN,2,0.0
LYP,1,0.0
LYQ,1,0.0
LYR,1,0.0
LYS,2,0.0
LYT,1,0.0
LYV,2,0.0
LYW,1,0.0
LYY,1,0.0
MAA,2,0.0
MAC,2,0.0
MAD,2,0.0
MAE,2,0.0
MAF,3,0.0
MAG,2,0.0
MAH,2,0.0
MAI,2,0.0
MAK,2,0.0
MAL,2,0.0
MAM,2,0.0
MAN,2,0.0
MAP,2,0.0
MAQ,2,0.0
MAR,2,0.0
MAS,2,0.0
MAT,2,0.0
MAV,2,0.0
MAW,2,0.0
MAY,2,0.0
MCA,2,0.0
MCC,1,0.0
MCD,1,0.0
MCE,1,0.0
MCF,2,0.0
MCG,1,0.0
MCH,1,0.0
MCI,1,0.0
MCK,1,0.0
MCL,1,0.0
MCM,1,0.0
MCN,2,0.0
MCP,1,0.0
MCQ,1,0.0
MCR,1,0.0
MCS,2,0.0
MCT,1,0.0
MCV,1,0.0
MCW,1,0.0
MCY,1,0.0
MDA,2,0.0
MDC,1,0.0
MDD,1,0.0
MDE,1,0.0
MDF,2,0.0
MDG,1,0.0
MDH,1,0.0
MDI,1,0.0
MDK,1,0.0
MDL,1,0.0
MDM,1,0.0
MDN,2,0.0
MDP,1,0.0
MDQ,1,0.0
MDR,1,0.0
MDS,2,0.0
MDT,1,0.0
MDV,1,0.0
MDW,1,0.0
MDY,1,0.0
MEA,2,0.0
MEC,1,0.0
MED,1,0.0
MEE,1,0.0
MEF,2,0.0
MEG,1,0.0
MEH,1,0.0
MEI,1,0.0
MEK,1,0.0
MEL,1,0.0
MEM,1,0.0
MEN,2,0.0
MEP,1,0.0
MEQ,1,0.0
MER,1,0.0
MES,2,0.0
MET,1,0.0
MEV,2,0.0
MEW,1,0.0
MEY,1,0.0
MFA,2,0.0
MFC,1,0.0
MFD,1,0.0
MFE,1,0.0
MFF,2,0.0
MFG,1,0.0
MFH,1,0.0
MFI,1,0.0
MFK,1,0.0
MFL,1,0.0
MFM,1,0.0
MFN,2,0.0
MFP,1,0.0
MFQ,1,0.0
MFR,1,0.0
MFS,2,0.0
MFT,2,0.0
MFV,1,0.0
MFW,1,0.0
MFY,1,0.0
MGA,2,0.0
MGC,1,0.0
MGD,1,0.0
MGE,1,0.0
MGF,2,0.0
MGG,1,0.0
MGH,1,0.0
MGI,1,0.0
MGK,1,0.0
MGL,1,0.0
MGM,1,0.0
MGN,2,0.0
MGP,1,0.0
MGQ,1,0.0
MGR,1,0.0
MGS,2,0.0
MGT,1,0.0
MGV,1,0.0
MGW,1,0.0
MGY,1,0.0
MHA,2,0.0
MHC,1,0.0
MHD,1,0.0
MHE,1,0.0
MHF,2,0.0
MHG,1,0.0
MHH,1,0.0
MHI,1,0.0
MHK,1,0.0
MHL,1,0.0
MHM,2,0.0
MHN,2,0.0
MHP,1,0.0
MHQ,1,0.0
MHR,1,0.0
MHS,2,0.0
MHT,1,0.0
MHV,1,0.0
MHW,2,0.0
MHY,1,0.0
MIA,2,0.0
MIC,1,0.0
MID,1,0.0
MIE,1,0.0
MIF,2,0.0
MIG,1,0.0
MIH,1,0.0
MII,1,0.0
MIK,1,0.0
MIL,1,0.0
MIM,2,0.0
MIN,2,0.0
MIP,1,0.0
MIQ,1,0.0
MIR,1,0.0
MIS,2,0.0
MIT,1,0.0
MIV,1,0.0
MIW,2,0.0
MIY,1,0.0
MKA,2,0.0
MKC,1,0.2787607576631749
MKD,1,0.0
MKE,1,0.0
MKF,2,0.0
MKG,1,0.0
MKH,1,0.0
MKI,1,0.0
MKK,1,0.0
MKL,1,0.0
MKM,1,0.0
MKN,2,0.0
MKP,1,0.0
MKQ,2,0.0
MKR,2,0.0
MKS,2,0.0
MKT,1,0.0
MKV,1,0.0
MKW,1,0.0
MKY,1,0.0
MLA,2,0.0
MLC,1,0.0
MLD,1,0.0
MLE,1,0.0
MLF,2,0.0
MLG,1,0.0
MLH,1,0.0
MLI,1,0.0
MLK,1,0.0
MLL,1,0.0
MLM,1,0.0
MLN,2,0.0
MLP,1,0.0
MLQ,1,0.0
MLR,2,0.0
MLS,2,0.0
MLT,1,0.0
MLV,1,0.0
MLW,1,0.0
MLY,1,0.0
MMA,2,0.0
MMC,1,0.0
MMD,1,0.0
MME,1,0.0
MMF,2,0.0
MMG,1,0.0
MMH,1,0.0
MMI,1,0.0
MMK,1,0.0
MML,1,0.0
MMM,1,0.0
MMN,2,0.0
MMP,1,0.0
MMQ,1,0.0
MMR,2,0.0
MMS,2,0.0
MMT,1,0.0
MMV,1,0.0
MMW,1,0.0
MMY,1,0.0
MNA,2,0.0
MNC,2,0.0
MND,2,0.0
MNE,2,0.0
MNF,2,0.0
MNG,2,0.0
MNH,2,0.0
MNI,2,0.0
MNK,2,0.0
MNL,2,0.0
MNM,2,0.0
MNN,2,0.0
MNP,2,0.0
MNQ,2,0.0
MNR,2,0.0
MNS,3,0.0
MNT,2,0.0
MNV,2,0.0
MNW,2,0.0
MNY,2,0.0
MPA,2,0.0
MPC,1,0.0
MPD,2,0.0
MPE,1,0.0
MPF,2,0.0
MPG,1,0.0
MPH,2,0.0
MPI,1,0.0
MPK,1,0.0
MPL,1,0.0
MPM,1,0.0
MPN,2,0.0
MPP,1,0.0
MPQ,2,0.0
MPR,1,0.0
MPS,2,0.0
MPT,1,0.0
MPV,2,0.0
MPW,1,0.0
MPY,1,0.0
MQA,2,0.0
MQC,1,0.0
MQD,1,0.0
MQE,1,0.0
MQF,2,0.0
MQG,1,0.0
MQH,1,0.0
MQI,1,0.0
MQK,1,0.0
MQL,2,0.0
MQM,1,0.0
MQN,2,0.0
MQP,1,0.0
MQQ,1,0.0
MQR,1,0.0
MQS,2,0.0
MQT,1,0.0
MQV,1,0.0
MQW,1,0.0
MQY,1,0.0
MRA,2,0.0
MRC,2,0.0
MRD,2,0.0
MRE,2,0.0
MRF,2,0.0
MRG,2,0.0
MRH,2,0.0
MRI,2,0.0
MRK,2,0.0
MRL,2,0.0
MRM,2,0.0
MRN,2,0.0
MRP,2,0.0
MRQ,2,0.0
MRR,2,0.0
MRS,2,0.0
MRT,2,0.0
MRV,2,0.0
MRW,2,0.0
MRY,2,0.0
MSA,2,0.0
MSC,1,0.0
MSD,1,0.0
MSE,1,0.0
MSF,2,0.0
MSG,1,0.0
MSH,1,0.0
MSI,1,0.0
MSK,1,0.0
MSL,1,0.0
MSM,1,0.0
MSN,2,0.0
MSP,2,0.0
MSQ,1,0.0
MSR,1,0.0
MSS,2,0.0
MST,1,0.0
MSV,1,0.0
MSW,1,0.0
MSY,1,0.0
MTA,2,0.0
MTC,1,0.0
MTD,1,0.0
MTE,1,0.0
MTF,2,0.0
MTG,1,0.0
MTH,1,0.0
MTI,1,0.0
MTK,1,0.0
MTL,1,0.0
MTM,1,0.0
MTN,2,0.0
MTP,1,0.0
MTQ,1,0.0
MTR,2,0.0
MTS,2,0.0
MTT,1,0.0
MTV,2,0.0
MTW,1,0.0
MTY,2,0.0
MVA,2,0.0
MVC,1,0.0
MVD,1,0.0
MVE,1,0.0
MVF,2,0.0
MVG,2,0.0
MVH,2,0.0
MVI,2,0.0
MVK,1,0.0
MVL,1,0.0
MVM,1,0.0
MVN,2,0.0
MVP,1,0.0
MVQ,1,0.0
MVR,1,0.0
MVS,2,0.0
MVT,1,0.0
MVV,2,0.0
MVW,1,0.0
MVY,1,0.0
MWA,2,0.0
MWC,1,0.0
MWD,1,0.0
MWE,1,0.0
MWF,2,0.0
MWG,1,0.0
MWH,1,0.0
MWI,1,0.0
MWK,1,0.0
MWL,1,0.0
MWM,2,0.0
MWN,2,0.0
MWP,1,0.0
MWQ,1,0.0
MWR,1,0.0
MWS,2,0.0
MWT,1,0.0
MWV,1,0.0
MWW,1,0.0
MWY,1,0.0
MYA,2,0.0
MYC,2,0.0
MYD,1,0.0
MYE,1,0.0
MYF,2,0.0
MYG,1,0.0
MYH,1,0.0
MYI,1,0.0
MYK,2,0.0
MYL,1,0.0
MYM,1,0.0
MYN,2,0.0
MYP,1,0.0
MYQ,1,0.0
MYR,1,0.0
MYS,2,0.0
MYT,1,0.0
MYV,2,0.0
MYW,1,0.0
MYY,1,0.0
NAA,1,0.0
NAC,1,0.0
NAD,1,0.0
NAE,1,0.0
NAF,2,0.0
NAG,1,0.0
NAH,1,0.0
NAI,1,0.0
NAK,1,0.0
NAL,1,0.0
NAM,1,0.0
NAN,1,0.0
NAP,1,0.0
NAQ,1,0.0
NAR,1,0.0
NAS,1,0.0
NAT,1,0.0
NAV,2,0.0
NAW,1,0.0
NAY,2,0.0
NCA,1,0.0
NCC,1,0.0
NCD,1,0.0
NCE,1,0.0
NCF,1,0.0
NCG,1,0.0
NCH,1,0.0
NCI,1,0.0
NCK,1,0.0
NCL,1,0.0
NCM,1,0.0
NCN,1,0.0
NCP,1,0.0
NCQ,1,0.0
NCR,1,0.0
NCS,1,0.0
NCT,1,0.0
NCV,2,0.0
NCW,1,0.0
NCY,2,0.0
NDA,1,0.0
NDC,1,0.0
NDD,1,0.0
NDE,1,0.0
NDF,1,0.0
NDG,1,0.0
NDH,1,0.0
NDI,1,0.0
NDK,1,0.0
NDL,1,0.0
NDM,1,0.0
NDN,1,0.0
NDP,1,0.0
NDQ,1,0.0
NDR,1,0.0
NDS,1,0.0
NDT,1,0.0
NDV,2,0.0
NDW,1,0.0
NDY,2,0.0
NEA,1,0.0
NEC,1,0.0
NED,1,0.0
NEE,1,0.0
NEF,1,0.0
NEG,1,0.0
NEH,1,0.0
NEI,1,0.0
NEK,1,0.0
NEL,1,0.0
NEM,1,0.0
NEN,1,0.0
NEP,1,0.0
NEQ,1,0.0
NER,1,0.0
NES,1,0.0
NET,1,0.0
NEV,2,0.0
NEW,1,0.0
NEY,2,0.0
NFA,1,0.0
NFC,1,0.0
NFD,1,0.0
NFE,1,0.0
NFF,1,0.0
NFG,1,0.0
NFH,1,0.0
NFI,1,0.0
NFK,1,0.0
NFL,1,0.0
NFM,1,0.0
NFN,1,0.0
NFP,1,0.0
NFQ,1,0.0
NFR,1,0.0
NFS,1,0.0
NFT,2,0.0
NFV,2,0.0
NFW,1,0.0
NFY,2,0.0
NGA,1,0.0
NGC,1,0.0
NGD,1,0.0
NGE,1,0.0
NGF,1,0.0
NGG,1,0.0
NGH,1,0.0
NGI,1,0.0
NGK,1,0.0
NGL,1,0.0
NGM,1,0.0
NGN,1,0.0
NGP,1,0.0
NGQ,1,0.0
NGR,1,0.0
NGS,1,0.0
NGT,1,0.0
NGV,2,0.0
NGW,1,0.0
NGY,2,0.0
NHA,1,0.0
NHC,1,0.0
NHD,1,0.0
NHE,1,0.0
NHF,1,0.0
NHG,1,0.0
NHH,1,0.0
NHI,1,0.0
NHK,1,0.0
NHL,1,0.0
NHM,2,0.0
NHN,1,0.0
NHP,1,0.0
NHQ,1,0.0
NHR,1,0.0
NHS,1,0.0
NHT,1,0.0
NHV,2,0.0
NHW,2,0.0
NHY,2,0.0
NIA,1,0.0
NIC,1,0.0
NID,1,0.0
NIE,1,0.0
NIF,1,0.0
NIG,1,0.0
NIH,1,0.0
NII,1,0.0
NIK,1,0.0
NIL,1,0.0
NIM,2,0.0
NIN,1,0.0
NIP,1,0.0
NIQ,1,0.0
NIR,1,0.0
NIS,1,0.0
NIT,1,0.0
NIV,2,0.0
NIW,2,0.0
NIY,2,0.0
NKA,1,0.0
NKC,1,0.0
NKD,1,0.0
NKE,1,0.0
NKF,1,0.0
NKG,1,0.0
NKH,1,0.0
NKI,1,0.0
NKK,1,0.0
NKL,1,0.0
NKM,1,0.0
NKN,1,0.0
NKP,1,0.0
NKQ,2,0.0
NKR,2,0.0
NKS,1,0.0
NKT,1,0.0
NKV,2,0.0
NKW,1,0.0
NKY,2,0.0
NLA,1,0.0
NLC,1,0.0
NLD,1,0.0
NLE,1,0.0
NLF,1,0.0
NLG,1,0.0
NLH,1,0.0
NLI,1,0.0
NLK,1,0.0
NLL,1,0.0
NLM,1,0.0
NLN,1,0.0
NLP,1,0.0
NLQ,1,0.0
NLR,2,0.0
NLS,2,0.0
NLT,1,0.0
NLV,2,0.0
NLW,1,0.0
NLY,2,0.0
NMA,2,0.0
NMC,1,0.0
NMD,1,0.0
NME,1,0.0
NMF,1,0.0
NMG,1,0.0
NMH,1,0.0
NMI,1,0.0
NMK,1,0.0
NML,1,0.0
NMM,1,0.0
NMN,2,0.0
NMP,1,0.0
NMQ,1,0.0
NMR,2,0.0
NMS,1,0.0
NMT,1,0.0
NMV,2,0.0
NMW,1,0.0
NMY,2,0.0
NNA,1,0.0
NNC,1,0.0
NND,1,0.0
NNE,1,0.0
NNF,1,0.0
NNG,1,0.0
NNH,1,0.0
NNI,1,0.0
NNK,1,0.0
NNL,1,0.0
NNM,1,0.0
NNN,1,0.0
NNP,1,0.0
NNQ,1,0.0
NNR,1,0.0
NNS,2,0.0
NNT,1,0.0
NNV,2,0.0
NNW,1,0.0
NNY,2,0.0
NPA,1,0.0
NPC,1,0.0
NPD,2,0.0
NPE,1,0.0
NPF,1,0.0
NPG,1,0.0
NPH,2,0.0
NPI,1,0.0
NPK,1,0.0
NPL,1,0.0
NPM,1,0.0
NPN,1,0.0
NPP,1,0.0
NPQ,2,0.0
NPR,1,0.0
NPS,1,0.0
NPT,1,0.0
NPV,2,0.0
NPW,1,0.0
NPY,2,0.0
NQA,1,0.0
NQC,1,0.0
NQD,1,0.0
NQE,1,0.0
NQF,1,0.0
NQG,1,0.0
NQH,1,0.0
NQI,1,0.0
NQK,1,0.0
NQL,2,0.0
NQM,1,0.0
NQN,2,0.0
NQP,1,0.0
NQQ,1,0.0
NQR,1,0.0
NQS,1,0.0
NQT,1,0.0
NQV,2,0.0
NQW,1,0.0
NQY,2,0.0
NRA,1,0.0
NRC,1,0.0
NRD,1,0.0
NRE,1,0.0
NRF,1,0.0
NRG,1,0.0
NRH,1,0.0
NRI,1,0.0
NRK,2,0.0
NRL,1,0.0
NRM,1,0.0
NRN,2,0.0
NRP,1,0.0
NRQ,1,0.0
NRR,1,0.0
NRS,1,0.0
NRT,2,0.0
NRV,2,0.0
NRW,1,0.0
NRY,2,0.0
NSA,2,0.0
NSC,2,0.0
NSD,2,0.0
NSE,2,0.0
NSF,2,0.0
NSG,2,0.0
NSH,2,0.0
NSI,2,0.0
NSK,2,0.0
NSL,2,0.0
NSM,2,0.0
NSN,2,0.0
NSP,2,0.0
NSQ,2,0.0
NSR,2,0.0
NSS,2,0.0
NST,2,0.0
NSV,2,0.0
NSW,2,0.0
NSY,2,0.0
NTA,2,0.0
NTC,1,0.0
NTD,1,0.0
NTE,1,0.0
NTF,1,0.0
NTG,1,0.0
NTH,1,0.0
NTI,1,0.0
NTK,1,0.0
NTL,1,0.0
NTM,1,0.0
NTN,1,0.0
NTP,1,0.0
NTQ,1,0.0
NTR,2,0.0
NTS,1,0.0
NTT,1,0.0
NTV,2,0.0
NTW,1,0.0
NTY,2,0.0
NVA,1,0.0
NVC,1,0.0
NVD,1,0.0
NVE,1,0.0
NVF,1,0.0
NVG,2,0.0
NVH,2,0.0
NVI,2,0.0
NVK,1,0.0
NVL,1,0.0
NVM,1,0.0
NVN,1,0.0
NVP,1,0.0
NVQ,1,0.0
NVR,1,0.0
NVS,1,0.0
NVT,1,0.0
NVV,2,0.0
NVW,1,0.0
NVY,2,0.0
NWA,1,0.0
NWC,1,0.0
NWD,1,0.0
NWE,1,0.0
NWF,1,0.0
NWG,1,0.0
NWH,1,0.0
NWI,1,0.0
NWK,1,0.0
NWL,1,0.0
NWM,2,0.0
NWN,1,0.0
NWP,1,0.0
NWQ,1,0.0
NWR,1,0.0
NWS,1,0.0
NWT,1,0.0
NWV,2,0.0
NWW,1,0.0
NWY,2,0.0
NYA,2,0.0
NYC,2,0.0
NYD,2,0.0
NYE,2,0.0
NYF,2,0.0
NYG,2,0.0
NYH,2,0.0
NYI,2,0.0
NYK,2,0.0
NYL,2,0.0
NYM,2,0.0
NYN,2,0.0
NYP,2,0.0
NYQ,2,0.0
NYR,2,0.0
NYS,2,0.0
NYT,2,0.0
NYV,3,0.0
NYW,2,0.0
NYY,2,0.0
PAA,1,0.0
PAC,1,0.0
PAD,1,0.0
PAE,1,0.0
PAF,2,0.0
PAG,2,0.0
PAH,1,0.0
PAI,1,0.0
PAK,1,0.0
PAL,1,0.0
PAM,1,0.0
PAN,2,0.0
PAP,1,0.0
PAQ,2,0.0
PAR,1,0.0
PAS,1,0.0
PAT,1,0.0
PAV,1,0.0
PAW,2,0.0
PAY,1,0.0
PCA,1,0.0
PCC,1,0.0
PCD,1,0.0
PCE,1,0.0
PCF,1,0.0
PCG,2,0.0
PCH,1,0.0
PCI,1,0.0
PCK,1,0.0
PCL,1,0.0
PCM,1,0.0
PCN,2,0.0
PCP,1,0.0
PCQ,2,0.0
PCR,1,0.0
PCS,1,0.0
PCT,1,0.0
PCV,1,0.0
PCW,2,0.0
PCY,1,0.0
PDA,2,0.0
PDC,2,0.0
PDD,2,0.0
PDE,2,0.0
PDF,2,0.0
PDG,2,0.0
PDH,2,0.0
PDI,2,0.0
PDK,2,0.0
PDL,2,0.0
PDM,2,0.0
PDN,2,0.0
PDP,2,0.0
PDQ,2,0.0
PDR,2,0.0
PDS,2,0.0
PDT,2,0.0
PDV,2,0.0
PDW,2,0.0
PDY,2,0.0
PEA,1,0.0
PEC,1,0.0
PED,1,0.0
PEE,1,0.0
PEF,1,0.0
PEG,2,0.0
PEH,1,0.0
PEI,1,0.0
PEK,1,0.0
PEL,1,0.0
PEM,1,0.0
PEN,2,0.0
PEP,1,0.0
PEQ,2,0.0
PER,1,0.0
PES,1,0.0
PET,1,0.0
PEV,2,0.0
PEW,2,0.0
PEY,1,0.0
PFA,1,0.0
PFC,1,0.0
PFD,1,0.0
PFE,1,0.0
PFF,1,0.0
PFG,2,0.0
PFH,1,0.0
PFI,1,0.0
PFK,1,0.0
PFL,1,0.0
PFM,1,0.0
PFN,2,0.0
PFP,1,0.0
PFQ,2,0.0
PFR,1,0.0
PFS,1,0.0
PFT,2,0.0
PFV,1,0.0
PFW,2,0.0
PFY,1,0.0
PGA,1,0.0
PGC,1,0.0
PGD,1,0.0
PGE,1,0.0
PGF,1,0.0
PGG,2,0.0
PGH,1,0.0
PGI,1,0.0
PGK,1,0.0
PGL,1,0.0
PGM,1,0.0
PGN,2,0.0
PGP,1,0.0
PGQ,2,0.0
PGR,1,0.0
PGS,1,0.0
PGT,1,0.0
PGV,1,0.0
PGW,2,0.0
PGY,1,0.0
PHA,2,0.0
PHC,2,0.0
PHD,2,0.0
PHE,2,0.0
PHF,2,0.0
PHG,2,0.0
PHH,2,0.0
PHI,2,0.0
PHK,2,0.0
PHL,2,0.0
PHM,2,0.0
PHN,2,0.0
PHP,2,0.0
PHQ,2,0.0
PHR,2,0.0
PHS,2,0.0
PHT,2,0.0
PHV,2,0.0
PHW,3,0.0
PHY,2,0.0
PIA,1,0.0
PIC,1,0.0
PID,1,0.0
PIE,1,0.0
PIF,1,0.0
PIG,2,0.0
PIH,1,0.0
PII,1,0.0
PIK,1,0.0
PIL,1,0.0
PIM,2,0.0
PIN,2,0.0
PIP,1,0.0
PIQ,2,0.0
PIR,1,0.0
PIS,1,0.0
PIT,1,0.0
PIV,1,0.0
PIW,2,0.0
PIY,1,0.0
PKA,1,0.0
PKC,1,0.0
PKD,1,0.0
PKE,1,0.0
PKF,1,0.0
PKG,2,0.0
PKH,1,0.0
PKI,1,0.0
PKK,1,0.0
PKL,1,0.0
PKM,1,0.0
PKN,2,0.0
PKP,1,0.0
PKQ,2,0.0
PKR,2,0.0
PKS,1,0.0
PKT,1,0.0
PKV,1,0.0
PKW,2,0.0
PKY,1,0.0
PLA,1,0.0
PLC,1,0.0
PLD,1,0.0
PLE,1,0.0
PLF,1,0.0
PLG,2,0.0
PLH,1,0.0
PLI,1,0.0
PLK,1,0.0
PLL,1,0.0
PLM,1,0.0
PLN,2,0.0
PLP,1,0.0
PLQ,2,0.0
PLR,2,0.0
PLS,2,0.0
PLT,1,0.0
PLV,1,0.0
PLW,2,0.0
PLY,1,0.0
PMA,2,0.0
PMC,1,0.0
PMD,1,0.0
PME,1,0.0
PMF,1,0.0
PMG,2,0.0
PMH,1,0.0
PMI,1,0.0
PMK,1,0.0
PML,1,0.0
PMM,1,0.0
PMN,2,0.0
PMP,1,0.0
PMQ,2,0.0
PMR,2,0.0
PMS,1,0.0
PMT,1,0.0
PMV,1,0.0
PMW,2,0.0
PMY,1,0.0
PNA,1,0.0
PNC,1,0.0
PND,1,0.0
PNE,1,0.0
PNF,1,0.0
PNG,2,0.0
PNH,1,0.0
PNI,1,0.0
PNK,1,0.0
PNL,1,0.0
PNM,1,0.0
PNN,2,0.0
PNP,1,0.0
PNQ,2,0.0
PNR,1,0.0
PNS,2,0.0
PNT,1,0.0
PNV,1,0.0
PNW,2,0.0
PNY,2,0.0
PPA,1,0.0
PPC,1,0.0
PPD,2,0.0
PPE,1,0.0
PPF,1,0.0
PPG,2,0.0
PPH,2,0.0
PPI,1,0.0
PPK,1,0.0
PPL,1,0.0
PPM,1,0.0
PPN,2,0.0
PPP,1,0.0
PPQ,2,0.0
PPR,1,0.0
PPS,1,0.0
PPT,1,0.0
PPV,2,0.0
PPW,2,0.0
PPY,1,0.0
PQA,2,0.0
PQC,2,0.0
PQD,2,0.0
PQE,2,0.0
PQF,2,0.0
PQG,2,0.0
PQH,2,0.0
PQI,2,0.0
PQK,2,0.0
PQL,2,0.0
PQM,2,0.0
PQN,3,0.0
PQP,2,0.0
PQQ,2,0.0
PQR,2,0.0
PQS,2,0.0
PQT,2,0.0
PQV,2,0.0
PQW,2,0.0
PQY,2,0.0
PRA,1,0.0
PRC,1,0.0
PRD,1,0.0
PRE,1,0.0
PRF,1,0.0
PRG,2,0.0
PRH,1,0.0
PRI,1,0.0
PRK,2,0.0
PRL,1,0.0
PRM,1,0.0
PRN,2,0.0
PRP,1,0.0
PRQ,2,0.0
PRR,1,0.0
PRS,1,0.0
PRT,2,0.0
PRV,1,0.0
PRW,2,0.0
PRY,1,0.0
PSA,1,0.0
PSC,1,0.0
PSD,1,0.0
PSE,1,0.0
PSF,1,0.0
PSG,2,0.0
PSH,1,0.0
PSI,1,0.0
PSK,1,0.0
PSL,1,0.0
PSM,1,0.0
PSN,2,0.0
PSP,2,0.0
PSQ,2,0.0
PSR,1,0.0
PSS,1,0.0
PST,1,0.0
PSV,1,0.0
PSW,2,0.0
PSY,1,0.0
PTA,2,0.0
PTC,1,0.0
PTD,1,0.0
PTE,1,0.0
PTF,1,0.0
PTG,2,0.0
PTH,1,0.0
PTI,1,0.0
PTK,1,0.0
PTL,1,0.0
PTM,1,0.0
PTN,2,0.0
PTP,1,0.0
PTQ,2,0.0
PTR,2,0.0
PTS,1,0.0
PTT,1,0.0
PTV,2,0.0
PTW,2,0.0
PTY,2,0.0
PVA,2,0.0
PVC,2,0.0
PVD,2,0.0
PVE,2,0.0
PVF,2,0.0
PVG,3,0.0
PVH,2,0.0
PVI,2,0.0
PVK,2,0.0
PVL,2,0.0
PVM,2,0.0
PVN,2,0.0
PVP,2,0.0
PVQ,2,0.0
PVR,2,0.0
PVS,2,0.0
PVT,2,0.0
PVV,2,0.0
PVW,2,0.0
PVY,2,0.0
PWA,1,0.0
PWC,1,0.0
PWD,1,0.0
PWE,1,0.0
PWF,1,0.0
PWG,2,0.0
PWH,1,0.0
PWI,1,0.0
PWK,1,0.0
PWL,1,0.0
PWM,2,0.0
PWN,2,0.0
PWP,1,0.0
PWQ,2,0.0
PWR,1,0.0
PWS,1,0.0
PWT,1,0.0
PWV,1,0.0
PWW,2,0.0
PWY,1,0.0
PYA,1,0.0
PYC,2,0.0
PYD,1,0.0
PYE,1,0.0
PYF,1,0.0
PYG,2,0.0
PYH,1,0.0
PYI,1,0.0
PYK,2,0.0
PYL,1,0.0
PYM,1,0.0
PYN,2,0.0
PYP,1,0.0
PYQ,2,0.0
PYR,1,0.0
PYS,1,0.0
PYT,1,0.0
PYV,2,0.0
PYW,2,0.0
PYY,1,0.0
QAA,1,0.0
QAC,1,0.0
QAD,1,0.0
QAE,1,0.0
QAF,2,0.0
QAG,1,0.0
QAH,1,0.0
QAI,1,0.0
QAK,1,0.0
QAL,1,0.0
QAM,1,0.0
QAN,1,0.0
QAP,1,0.0
QAQ,1,0.0
QAR,1,0.0
QAS,2,0.0
QAT,1,0.0
QAV,1,0.0
QAW,1,0.0
QAY,1,0.0
QCA,1,0.0
QCC,1,0.0
QCD,1,0.0
QCE,1,0.0
QCF,1,0.0
QCG,1,0.0
QCH,1,0.0
QCI,1,0.0
QCK,1,0.0
QCL,1,0.0
QCM,1,0.0
QCN,1,0.0
QCP,1,0.0
QCQ,1,0.0
QCR,1,0.0
QCS,2,0.0
QCT,1,0.0
QCV,1,0.0
QCW,1,0.0
QCY,1,0.0
QDA,1,0.0
QDC,1,0.0
QDD,1,0.0
QDE,1,0.0
QDF,1,0.0
QDG,1,0.0
QDH,1,0.0
QDI,1,0.0
QDK,1,0.0
QDL,1,0.0
QDM,1,0.0
QDN,1,0.0
QDP,1,0.0
QDQ,1,0.0
QDR,1,0.0
QDS,2,0.0
QDT,1,0.0
QDV,1,0.0
QDW,1,0.0
QDY,1,0.0
QEA,1,0.0
QEC,1,0.0
QED,1,0.0
QEE,1,0.0
QEF,1,0.0
QEG,1,0.0
QEH,1,0.0
QEI,1,0.0
QEK,1,0.0
QEL,1,0.0
QEM,1,0.0
QEN,1,0.0
QEP,1,0.0
QEQ,1,0.0
QER,1,0.0
QES,2,0.0
QET,1,0.0
QEV,2,0.0
QEW,1,0.0
QEY,1,0.0
QFA,1,0.0
QFC,1,0.0
QFD,1,0.0
QFE,1,0.0
QFF,1,0.0
QFG,1,0.0
QFH,1,0.0
QFI,1,0.0
QFK,1,0.0
QFL,1,0.0
QFM,1,0.0
QFN,1,0.0
QFP,1,0.0
QFQ,1,0.0
QFR,1,0.0
QFS,2,0.0
QFT,2,0.0
QFV,1,0.0
QFW,1,0.0
QFY,1,0.0
QGA,1,0.0
QGC,1,0.0
QGD,1,0.0
QGE,1,0.0
QGF,1,0.0
QGG,1,0.0
QGH,1,0.0
QGI,1,0.0
QGK,1,0.0
QGL,1,0.0
QGM,1,0.0
QGN,1,0.0
QGP,1,0.0
QGQ,1,0.0
QGR,1,0.0
QGS,2,0.0
QGT,1,0.0
QGV,1,0.0
QGW,1,0.0
QGY,1,0.0
QHA,1,0.0
QHC,1,0.0
QHD,1,0.0
QHE,1,0.0
QHF,1,0.0
QHG,1,0.0
QHH,1,0.0
QHI,1,0.0
QHK,1,0.0
QHL,1,0.0
QHM,2,0.0
QHN,1,0.0
QHP,1,0.0
QHQ,1,0.0
QHR,1,0.0
QHS,2,0.0
QHT,1,0.0
QHV,1,0.0
QHW,2,0.0
QHY,1,0.0
QIA,1,0.0
QIC,1,0.0
QID,1,0.0
QIE,1,0.0
QIF,1,0.0
QIG,1,0.0
QIH,1,0.0
QII,1,0.0
QIK,1,0.0
QIL,1,0.0
QIM,2,0.0
QIN,1,0.0
QIP,1,0.0
QIQ,1,0.0
QIR,1,0.0
QIS,2,0.0
QIT,1,0.0
QIV,1,0.0
QIW,2,0.0
QIY,1,0.0
QKA,1,0.0
QKC,1,0.0
QKD,1,0.0
QKE,1,0.0
QKF,1,0.0
QKG,1,0.0
QKH,1,0.0
QKI,1,0.0
QKK,1,0.0
QKL,1,0.0
QKM,1,0.0
QKN,1,0.0
QKP,1,0.0
QKQ,2,0.0
QKR,2,0.0
QKS,2,0.0
QKT,1,0.0
QKV,1,0.0
QKW,1,0.0
QKY,1,0.0
QLA,2,0.0
QLC,2,0.0
QLD,2,0.0
QLE,2,0.0
QLF,2,0.0
QLG,2,0.0
QLH,2,0.0
QLI,2,0.0
QLK,2,0.0
QLL,2,0.0
QLM,2,0.0
QLN,2,0.0
QLP,2,0.0
QLQ,2,0.0
QLR,2,0.0
QLS,3,0.0
QLT,2,0.0
QLV,2,0.0
QLW,2,0.0
QLY,2,0.0
QMA,2,0.0
QMC,1,0.0
QMD,1,0.0
QME,1,0.0
QMF,1,0.0
QMG,1,0.0
QMH,1,0.0
QMI,1,0.0
QMK,1,0.0
QML,1,0.0
QMM,1,0.0
QMN,2,0.0
QMP,1,0.0
QMQ,1,0.0
QMR,2,0.0
QMS,2,0.0
QMT,1,0.0
QMV,1,0.0
QMW,1,0.0
QMY,1,0.0
QNA,2,0.0
QNC,2,0.0
QND,2,0.0
QNE,2,0.0
QNF,2,0.0
QNG,2,0.0
QNH,2,0.0
QNI,2,0.0
QNK,2,0.0
QNL,2,0.0
QNM,2,0.0
QNN,2,0.0
QNP,2,0.0
QNQ,2,0.0
QNR,2,0.0
QNS,2,0.0
QNT,2,0.0
QNV,2,0.0
QNW,2,0.0
QNY,2,0.0
QPA,1,0.0
QPC,1,0.0
QPD,2,0.0
QPE,1,0.0
QPF,1,0.0
QPG,1,0.0
QPH,2,0.0
QPI,1,0.0
QPK,1,0.0
QPL,1,0.0
QPM,1,0.0
QPN,1,0.0
QPP,1,0.0
QPQ,2,0.0
QPR,1,0.0
QPS,2,0.0
QPT,1,0.0
QPV,2,0.0
QPW,1,0.0
QPY,1,0.0
QQA,1,0.0
QQC,1,0.0
QQD,1,0.0
QQE,1,0.0
QQF,1,0.0
QQG,1,0.0
QQH,1,0.0
QQI,1,0.0
QQK,1,0.0
QQL,2,0.0
QQM,1,0.0
QQN,2,0.0
QQP,1,0.0
QQQ,1,0.0
QQR,1,0.0
QQS,2,0.0
QQT,1,0.0
QQV,1,0.0
QQW,1,0.0
QQY,1,0.0
QRA,1,0.0
QRC,1,0.0
QRD,1,0.0
QRE,1,0.0
QRF,1,0.0
QRG,1,0.0
QRH,1,0.0
QRI,1,0.0
QRK,2,0.0
QRL,1,0.0
QRM,1,0.0
QRN,2,0.0
QRP,1,0.0
QRQ,1,0.0
QRR,1,0.0
QRS,2,0.0
QRT,2,0.0
QRV,1,0.0
QRW,1,0.0
QRY,1,0.0
QSA,1,0.0
QSC,1,0.0
QSD,1,0.0
QSE,1,0.0
QSF,1,0.0
QSG,1,0.0
QSH,1,0.0
QSI,1,0.0
QSK,1,0.0
QSL,1,0.0
QSM,1,0.0
QSN,1,0.0
QSP,2,0.0
QSQ,1,0.0
QSR,1,0.0
QSS,2,0.0
QST,1,0.0
QSV,1,0.0
QSW,1,0.0
QSY,1,0.0
QTA,2,0.0
QTC,1,0.0
QTD,1,0.0
QTE,1,0.0
QTF,1,0.0
QTG,1,0.0
QTH,1,0.0
QTI,1,0.0
QTK,1,0.0
QTL,1,0.0
QTM,1,0.0
QTN,1,0.0
QTP,1,0.0
QTQ,1,0.0
QTR,2,0.0
QTS,2,0.0
QTT,1,0.0
QTV,2,0.0
QTW,1,0.0
QTY,2,0.0
QVA,1,0.0
QVC,1,0.0
QVD,1,0.0
QVE,1,0.0
QVF,1,0.0
QVG,2,0.0
QVH,2,0.0
QVI,2,0.0
QVK,1,0.0
QVL,1,0.0
QVM,1,0.0
QVN,1,0.0
QVP,1,0.0
QVQ,1,0.0
QVR,1,0.0
QVS,2,0.0
QVT,1,0.0
QVV,2,0.0
QVW,1,0.0
QVY,1,0.0
QWA,1,0.0
QWC,1,0.0
QWD,1,0.0
QWE,1,0.0
QWF,1,0.0
QWG,1,0.0
QWH,1,0.0
QWI,1,0.0
QWK,1,0.0
QWL,1,0.0
QWM,2,0.0
QWN,1,0.0
QWP,1,0.0
QWQ,1,0.0
QWR,1,0.0
QWS,2,0.0
QWT,1,0.0
QWV,1,0.0
QWW,1,0.0
QWY,1,0.0
QYA,1,0.0
QYC,2,0.0
QYD,1,0.0
QYE,1,0.0
QYF,1,0.0
QYG,1,0.0
QYH,1,0.0
QYI,1,0.0
QYK,2,0.0
QYL,1,0.0
QYM,1,0.0
QYN,1,0.0
QYP,1,0.0
QYQ,1,0.0
QYR,1,0.0
QYS,2,0.0
QYT,1,0.0
QYV,2,0.0
QYW,1,0.0
QYY,1,0.0
RAA,2,0.0
RAC,1,0.0
RAD,1,0.0
RAE,1,0.0
RAF,2,0.0
RAG,1,0.0
RAH,1,0.0
RAI,1,0.0
RAK,1,0.0
RAL,1,0.0
RAM,1,0.0
RAN,2,0.0
RAP,1,0.0
RAQ,2,0.0
RAR,1,0.0
RAS,1,0.0
RAT,2,0.0
RAV,1,0.0
RAW,1,0.0
RAY,1,0.0
RCA,2,0.0
RCC,1,0.0
RCD,1,0.0
RCE,1,0.0
RCF,1,0.0
RCG,1,0.0
RCH,1,0.0
RCI,1,0.0
RCK,1,0.0
RCL,1,0.0
RCM,1,0.0
RCN,2,0.0
RCP,1,0.0
RCQ,2,0.0
RCR,1,0.0
RCS,1,0.0
RCT,2,0.0
RCV,1,0.0
RCW,1,0.0
RCY,1,0.0
RDA,2,0.0
RDC,1,0.0
RDD,1,0.0
RDE,1,0.0
RDF,1,0.0
RDG,1,0.0
RDH,1,0.0
RDI,1,0.0
RDK,1,0.0
RDL,1,0.0
RDM,1,0.0
RDN,2,0.0
RDP,1,0.0
RDQ,2,0.0
RDR,1,0.0
RDS,1,0.0
RDT,2,0.0
RDV,1,0.0
RDW,1,0.0
RDY,1,0.0
REA,2,0.0
REC,1,0.0
RED,1,0.0
REE,1,0.0
REF,1,0.0
REG,1,0.0
REH,1,0.0
REI,1,0.0
REK,1,0.0
REL,1,0.0
REM,1,0.0
REN,2,0.0
REP,1,0.0
REQ,2,0.0
RER,1,0.0
RES,1,0.0
RET,2,0.0
REV,2,0.0
REW,1,0.0
REY,1,0.0
RFA,2,0.0
RFC,1,0.0
RFD,1,0.0
RFE,1,0.0
RFF,1,0.0
RFG,1,0.0
RFH,1,0.0
RFI,1,0.0
RFK,1,0.0
RFL,1,0.0
RFM,1,0.0
RFN,2,0.0
RFP,1,0.0
RFQ,2,0.0
RFR,1,0.0
RFS,1,0.0
RFT,2,0.0
RFV,1,0.0
RFW,1,0.0
RFY,1,0.0
RGA,2,0.0
RGC,1,0.0
RGD,1,0.0
RGE,1,0.0
RGF,1,0.0
RGG,1,0.0
RGH,1,0.0
RGI,1,0.0
RGK,1,0.0
RGL,1,0.0
RGM,1,0.0
RGN,2,0.0
RGP,1,0.0
RGQ,2,0.0
RGR,1,0.0
RGS,1,0.0
RGT,2,0.0
RGV,1,0.0
RGW,1,0.0
RGY,1,0.0
RHA,2,0.0
RHC,1,0.0
RHD,1,0.0
RHE,1,0.0
RHF,1,0.0
RHG,1,0.0
RHH,1,0.0
RHI,1,0.0
RHK,1,0.0
RHL,1,0.0
RHM,2,0.0
RHN,2,0.0
RHP,1,0.0
RHQ,2,0.0
RHR,1,0.0
RHS,1,0.0
RHT,2,0.0
RHV,1,0.0
RHW,2,0.0
RHY,1,0.0
RIA,2,0.0
RIC,1,0.0
RID,1,0.0
RIE,1,0.0
RIF,1,0.0
RIG,1,0.0
RIH,1,0.0
RII,1,0.0
RIK,1,0.0
RIL,1,0.0
RIM,2,0.0
RIN,2,0.0
RIP,1,0.0
RIQ,2,0.0
RIR,1,0.0
RIS,1,0.0
RIT,2,0.0
RIV,1,0.0
RIW,2,0.0
RIY,1,0.0
RKA,2,0.0
RKC,2,0.0
RKD,2,0.0
RKE,2,0.0
RKF,2,0.0
RKG,2,0.0
RKH,2,0.0
RKI,2,0.0
RKK,2,0.0
RKL,2,0.0
RKM,2,0.0
RKN,2,0.0
RKP,2,0.0
RKQ,3,0.0
RKR,2,0.0
RKS,2,0.0
RKT,2,0.0
RKV,2,0.0
RKW,2,0.0
RKY,2,0.0
RLA,2,0.0
RLC,1,0.0
RLD,1,0.0
RLE,1,0.0
RLF,1,0.0
RLG,1,0.0
RLH,1,0.0
RLI,1,0.0
RLK,1,0.0
RLL,1,0.0
RLM,1,0.0
RLN,2,0.0
RLP,1,0.0
RLQ,2,0.0
RLR,2,0.0
RLS,2,0.0
RLT,2,0.0
RLV,1,0.0
RLW,1,0.0
RLY,1,0.0
RMA,2,0.0
RMC,1,0.0
RMD,1,0.0
RME,1,0.0
RMF,1,0.0
RMG,1,0.0
RMH,1,0.0
RMI,1,0.0
RMK,1,0.0
RML,1,0.0
RMM,1,0.0
RMN,2,0.0
RMP,1,0.0
RMQ,2,0.0
RMR,2,0.0
RMS,1,0.0
RMT,2,0.0
RMV,1,0.0
RMW,1,0.0
RMY,1,0.0
RNA,2,0.0
RNC,2,0.0
RND,2,0.0
RNE,2,0.0
RNF,2,0.0
RNG,2,0.0
RNH,2,0.0
RNI,2,0.0
RNK,2,0.0
RNL,2,0.0
RNM,2,0.0
RNN,2,0.0
RNP,2,0.0
RNQ,2,0.0
RNR,2,0.0
RNS,2,0.0
RNT,2,0.0
RNV,2,0.0
RNW,2,0.0
RNY,2,0.0
RPA,2,0.0
RPC,1,0.0
RPD,2,0.0
RPE,1,0.0
RPF,1,0.0
RPG,1,0.0
RPH,2,0.0
RPI,1,0.0
RPK,1,0.0
RPL,1,0.0
RPM,1,0.0
RPN,2,0.0
RPP,1,0.0
RPQ,2,0.0
RPR,1,0.0
RPS,1,0.0
RPT,2,0.0
RPV,2,0.0
RPW,1,0.0
RPY,1,0.0
RQA,2,0.0
RQC,1,0.0
RQD,1,0.0
RQE,1,0.0
RQF,1,0.0
RQG,1,0.0
RQH,1,0.0
RQI,1,0.0
RQK,1,0.0
RQL,2,0.0
RQM,1,0.0
RQN,2,0.0
RQP,1,0.0
RQQ,2,0.0
RQR,1,0.0
RQS,1,0.0
RQT,2,0.0
RQV,1,0.0
RQW,1,0.0
RQY,1,0.0
RRA,2,0.0
RRC,1,0.0
RRD,1,0.0
RRE,1,0.0
RRF,1,0.0
RRG,1,0.0
RRH,1,0.0
RRI,1,0.0
RRK,2,0.0
RRL,1,0.0
RRM,1,0.0
RRN,2,0.0
RRP,1,0.0
RRQ,2,0.0
RRR,1,0.0
RRS,1,0.0
RRT,2,0.0
RRV,1,0.0
RRW,1,0.0
RRY,1,0.0
RSA,2,0.0
RSC,1,0.0
RSD,1,0.0
RSE,1,0.0
RSF,1,0.0
RSG,1,0.0
RSH,1,0.0
RSI,1,0.0
RSK,1,0.0
RSL,1,0.0
RSM,1,0.0
RSN,2,0.0
RSP,2,0.0
RSQ,2,0.0
RSR,1,0.0
RSS,1,0.0
RST,2,0.0
RSV,1,0.0
RSW,1,0.0
RSY,1,0.0
RTA,3,0.0
RTC,2,0.0
RTD,2,0.0
RTE,2,0.0
RTF,2,0.0
RTG,2,0.0
RTH,2,0.0
RTI,2,0.0
RTK,2,0.0
RTL,2,0.0
RTM,2,0.0
RTN,2,0.0
RTP,2,0.0
RTQ,2,0.0
RTR,2,0.0
RTS,2,0.0
RTT,2,0.0
RTV,2,0.0
RTW,2,0.0
RTY,2,0.0
RVA,2,0.0
RVC,1,0.0
RVD,1,0.0
RVE,1,0.0
RVF,1,0.0
RVG,2,0.0
RVH,2,0.0
RVI,2,0.0
RVK,1,0.0
RVL,1,0.0
RVM,1,0.0
RVN,2,0.0
RVP,1,0.0
RVQ,2,0.0
RVR,1,0.0
RVS,1,0.0
RVT,2,0.0
RVV,2,0.0
RVW,1,0.0
RVY,1,0.0
RWA,2,0.0
RWC,1,0.0
RWD,1,0.0
RWE,1,0.0
RWF,1,0.0
RWG,1,0.0
RWH,1,0.0
RWI,1,0.0
RWK,1,0.0
RWL,1,0.0
RWM,2,0.0
RWN,2,0.0
RWP,1,0.0
RWQ,2,0.0
RWR,1,0.0
RWS,1,0.0
RWT,2,0.0
RWV,1,0.0
RWW,1,0.0
RWY,1,0.0
RYA,2,0.0
RYC,2,0.0
RYD,1,0.0
RYE,1,0.0
RYF,1,0.0
RYG,1,0.0
RYH,1,0.0
RYI,1,0.0
RYK,2,0.0
RYL,1,0.0
RYM,1,0.0
RYN,2,0.0
RYP,1,0.0
RYQ,2,0.0
RYR,1,0.0
RYS,1,0.0
RYT,2,0.0
RYV,2,0.0
RYW,1,0.0
RYY,1,0.0
SAA,1,0.0
SAC,1,0.0
SAD,2,0.0
SAE,1,0.0
SAF,2,0.0
SAG,1,0.0
SAH,1,0.0
SAI,1,0.0
SAK,1,0.0
SAL,1,0.0
SAM,1,0.0
SAN,1,0.0
SAP,2,0.0
SAQ,1,0.0
SAR,1,0.0
SAS,1,0.0
SAT,1,0.0
SAV,1,0.0
SAW,1,0.0
SAY,1,0.0
SCA,1,0.0
SCC,1,0.0
SCD,2,0.0
SCE,1,0.0
SCF,1,0.0
SCG,1,0.0
SCH,1,0.0
SCI,1,0.0
SCK,1,0.0
SCL,1,0.0
SCM,1,0.0
SCN,1,0.0
SCP,2,0.0
SCQ,1,0.0
SCR,1,0.0
SCS,1,0.0
SCT,1,0.0
SCV,1,0.0
SCW,1,0.0
SCY,1,0.0
SDA,1,0.0
SDC,1,0.0
SDD,2,0.0
SDE,1,0.0
SDF,1,0.0
SDG,1,0.0
SDH,1,0.0
SDI,1,0.0
SDK,1,0.0
SDL,1,0.0
SDM,1,0.0
SDN,1,0.0
SDP,2,0.0
SDQ,1,0.0
SDR,1,0.0
SDS,1,0.0
SDT,1,0.0
SDV,1,0.0
SDW,1,0.0
SDY,1,0.0
SEA,1,0.0
SEC,1,0.0
SED,2,0.0
SEE,1,0.0
SEF,1,0.0
SEG,1,0.0
SEH,1,0.0
SEI,1,0.0
SEK,1,0.0
SEL,1,0.0
SEM,1,0.0
SEN,1,0.0
SEP,2,0.0
SEQ,1,0.0
SER,1,0.0
SES,1,0.0
SET,1,0.0
SEV,2,0.0
SEW,1,0.0
SEY,1,0.0
SFA,1,0.0
SFC,1,0.0
SFD,2,0.0
SFE,1,0.0
SFF,1,0.0
SFG,1,0.0
SFH,1,0.0
SFI,1,0.0
SFK,1,0.0
SFL,1,0.0
SFM,1,0.0
SFN,1,0.0
SFP,2,0.0
SFQ,1,0.0
SFR,1,0.0
SFS,1,0.0
SFT,2,0.0
SFV,1,0.0
SFW,1,0.0
SFY,1,0.0
SGA,1,0.0
SGC,1,0.0
SGD,2,0.0
SGE,1,0.0
SGF,1,0.0
SGG,1,0.0
SGH,1,0.0
SGI,1,0.0
SGK,1,0.0
SGL,1,0.0
SGM,1,0.0
SGN,1,0.0
SGP,2,0.0
SGQ,1,0.0
SGR,1,0.0
SGS,1,0.0
SGT,1,0.0
SGV,1,0.0
SGW,1,0.0
SGY,1,0.0
SHA,1,0.0
SHC,1,0.0
SHD,2,0.0
SHE,1,0.0
SHF,1,0.0
SHG,1,0.0
SHH,1,0.0
SHI,1,0.0
SHK,1,0.0
SHL,1,0.0
SHM,2,0.0
SHN,1,0.0
SHP,2,0.0
SHQ,1,0.0
SHR,1,0.0
SHS,1,0.0
SHT,1,0.0
SHV,1,0.0
SHW,2,0.0
SHY,1,0.0
SIA,1,0.0
SIC,1,0.0
SID,2,0.0
SIE,1,0.0
SIF,1,0.0
SIG,1,0.0
SIH,1,0.0
SII,1,0.0
SIK,1,0.0
SIL,1,0.0
SIM,2,0.0
SIN,1,0.0
SIP,2,0.0
SIQ,1,0.0
SIR,1,0.0
SIS,1,0.0
SIT,1,0.0
SIV,1,0.0
SIW,2,0.0
SIY,1,0.0
SKA,1,0.0
SKC,1,0.0
SKD,2,0.0
SKE,1,0.0
SKF,1,0.0
SKG,1,0.0
SKH,1,0.0
SKI,1,0.0
SKK,1,0.0
SKL,1,0.0
SKM,1,0.0
SKN,1,0.0
SKP,2,0.0
SKQ,2,0.0
SKR,2,0.0
SKS,1,0.0
SKT,1,0.0
SKV,1,0.0
SKW,1,0.0
SKY,1,0.0
SLA,1,0.0
SLC,1,0.0
SLD,2,0.0
SLE,1,0.0
SLF,1,0.0
SLG,1,0.0
SLH,1,0.0
SLI,1,0.0
SLK,1,0.0
SLL,1,0.0
SLM,1,0.0
SLN,1,0.0
SLP,2,0.0
SLQ,1,0.0
SLR,2,0.0
SLS,2,0.0
SLT,1,0.0
SLV,1,0.0
SLW,1,0.0
SLY,1,0.0
SMA,2,0.0
SMC,1,0.0
SMD,2,0.0
SME,1,0.0
SMF,1,0.0
SMG,1,0.0
SMH,1,0.0
SMI,1,0.0
SMK,1,0.0
SML,1,0.0
SMM,1,0.0
SMN,2,0.0
SMP,2,0.0
SMQ,1,0.0
SMR,2,0.0
SMS,1,0.0
SMT,1,0.0
SMV,1,0.0
SMW,1,0.0
SMY,1,0.0
SNA,1,0.0
SNC,1,0.0
SND,2,0.0
SNE,1,0.0
SNF,1,0.0
SNG,1,0.0
SNH,1,0.0
SNI,1,0.0
SNK,1,0.0
SNL,1,0.0
SNM,1,0.0
SNN,1,0.0
SNP,2,0.0
SNQ,1,0.0
SNR,1,0.0
SNS,2,0.0
SNT,1,0.0
SNV,1,0.0
SNW,1,0.0
SNY,2,0.0
SPA,2,0.0
SPC,2,0.0
SPD,3,0.0
SPE,2,0.0
SPF,2,0.0
SPG,2,0.0
SPH,2,0.0
SPI,2,0.0
SPK,2,0.0
SPL,2,0.0
SPM,2,0.0
SPN,2,0.0
SPP,2,0.0
SPQ,2,0.0
SPR,2,0.0
SPS,2,0.0
SPT,2,0.0
SPV,2,0.0
SPW,2,0.0
SPY,2,0.0
SQA,1,0.0
SQC,1,0.0
SQD,2,0.0
SQE,1,0.0
SQF,1,0.0
SQG,1,0.0
SQH,1,0.0
SQI,1,0.0
SQK,1,0.0
SQL,2,0.0
SQM,1,0.0
SQN,2,0.0
SQP,2,0.0
SQQ,1,0.0
SQR,1,0.0
SQS,1,0.0
SQT,1,0.0
SQV,1,0.0
SQW,1,0.0
SQY,1,0.0
SRA,1,0.0
SRC,1,0.0
SRD,2,0.0
SRE,1,0.0
SRF,1,0.0
SRG,1,0.0
SRH,1,0.0
SRI,1,0.0
SRK,2,0.0
SRL,1,0.0
SRM,1,0.0
SRN,2,0.0
SRP,2,0.0
SRQ,1,0.0
SRR,1,0.0
SRS,1,0.0
SRT,2,0.0
SRV,1,0.0
SRW,1,0.0
SRY,1,0.0
SSA,1,0.0
SSC,1,0.0
SSD,2,0.0
SSE,1,0.0
SSF,1,0.0
SSG,1,0.0
SSH,1,0.0
SSI,1,0.0
SSK,1,0.0
SSL,1,0.0
SSM,1,0.0
SSN,1,0.0
SSP,2,0.0
SSQ,1,0.0
SSR,1,0.0
SSS,1,0.0
SST,1,0.0
SSV,1,0.0
SSW,1,0.0
SSY,1,0.0
STA,2,0.0
STC,1,0.0
STD,2,0.0
STE,1,0.0
STF,1,0.0
STG,1,0.0
STH,1,0.0
STI,1,0.0
STK,1,0.0
STL,1,0.0
STM,1,0.0
STN,1,0.0
STP,2,0.0
STQ,1,0.0
STR,2,0.0
STS,1,0.0
STT,1,0.0
STV,2,0.0
STW,1,0.0
STY,2,0.0
SVA,1,0.0
SVC,1,0.0
SVD,2,0.0
SVE,1,0.0
SVF,1,0.0
SVG,2,0.0
SVH,2,0.0
SVI,2,0.0
SVK,1,0.0
SVL,1,0.0
SVM,1,0.0
SVN,1,0.0
SVP,2,0.0
SVQ,1,0.0
SVR,1,0.0
SVS,1,0.0
SVT,1,0.0
SVV,2,0.0
SVW,1,0.0
SVY,1,0.0
SWA,1,0.0
SWC,1,0.0
SWD,2,0.0
SWE,1,0.0
SWF,1,0.0
SWG,1,0.0
SWH,1,0.0
SWI,1,0.0
SWK,1,0.0
SWL,1,0.0
SWM,2,0.0
SWN,1,0.0
SWP,2,0.0
SWQ,1,0.0
SWR,1,0.0
SWS,1,0.0
SWT,1,0.0
SWV,1,0.0
SWW,1,0.0
SWY,1,0.0
SYA,1,0.0
SYC,2,0.0
SYD,2,0.0
SYE,1,0.0
SYF,1,0.0
SYG,1,0.0
SYH,1,0.0
SYI,1,0.0
SYK,2,0.0
SYL,1,0.0
SYM,1,0.0
SYN,1,0.0
SYP,2,0.0
SYQ,1,0.0
SYR,1,0.0
SYS,1,0.0
SYT,1,0.0
SYV,2,0.0
SYW,1,0.0
SYY,1,0.0
TAA,2,0.0
TAC,2,0.0
TAD,2,0.0
TAE,2,0.0
TAF,2,0.0
TAG,2,0.0
TAH,2,0.0
TAI,2,0.0
TAK,2,0.0
TAL,2,0.0
TAM,2,0.0
TAN,2,0.0
TAP,2,0.0
TAQ,2,0.0
TAR,2,0.0
TAS,2,0.0
TAT,2,0.0
TAV,2,0.0
TAW,2,0.0
TAY,2,0.0
TCA,1,0.0
TCC,2,0.0
TCD,1,0.0
TCE,1,0.0
TCF,1,0.0
TCG,1,0.0
TCH,1,0.0
TCI,1,0.0
TCK,1,0.0
TCL,1,0.0
TCM,1,0.0
TCN,1,0.0
TCP,1,0.0
TCQ,1,0.0
TCR,2,0.0
TCS,1,0.0
TCT,1,0.0
TCV,2,0.0
TCW,1,0.0
TCY,1,0.0
TDA,1,0.0
TDC,2,0.0
TDD,1,0.0
TDE,1,0.0
TDF,1,0.0
TDG,1,0.0
TDH,1,0.0
TDI,1,0.0
TDK,1,0.0
TDL,1,0.0
TDM,1,0.0
TDN,1,0.0
TDP,1,0.0
TDQ,1,0.0
TDR,2,0.0
TDS,1,0.0
TDT,1,0.0
TDV,2,0.0
TDW,1,0.0
TDY,1,0.0
TEA,1,0.0
TEC,2,0.0
TED,1,0.0
TEE,1,0.0
TEF,1,0.0
TEG,1,0.0
TEH,1,0.0
TEI,1,0.0
TEK,1,0.0
TEL,1,0.0
TEM,1,0.0
TEN,1,0.0
TEP,1,0.0
TEQ,1,0.0
TER,2,0.0
TES,1,0.0
TET,1,0.0
TEV,2,0.0
TEW,1,0.0
TEY,1,0.0
TFA,1,0.0
TFC,2,0.0
TFD,1,0.0
TFE,1,0.0
TFF,1,0.0
TFG,1,0.0
TFH,1,0.0
TFI,1,0.0
TFK,1,0.0
TFL,1,0.0
TFM,1,0.0
TFN,1,0.0
TFP,1,0.0
TFQ,1,0.0
TFR,2,0.0
TFS,1,0.0
TFT,2,0.0
TFV,2,0.0
TFW,1,0.0
TFY,1,0.0
TGA,1,0.0
TGC,2,0.0
TGD,1,0.0
TGE,1,0.0
TGF,1,0.0
TGG,1,0.0
TGH,1,0.0
TGI,1,0.0
TGK,1,0.0
TGL,1,0.0
TGM,1,0.0
TGN,1,0.0
TGP,1,0.0
TGQ,1,0.0
TGR,2,0.0
TGS,1,0.0
TGT,1,0.0
TGV,2,0.0
TGW,1,0.0
TGY,1,0.0
THA,1,0.0
THC,2,0.0
THD,1,0.0
THE,1,0.0
THF,1,0.0
THG,1,0.0
THH,1,0.0
THI,1,0.0
THK,1,0.0
THL,1,0.0
THM,2,0.0
THN,1,0.0
THP,1,0.0
THQ,1,0.0
THR,2,0.0
THS,1,0.0
THT,1,0.0
THV,2,0.0
THW,2,0.0
THY,1,0.0
TIA,1,0.0
TIC,2,0.0
TID,1,0.0
TIE,1,0.0
TIF,1,0.0
TIG,1,0.0
TIH,1,0.0
TII,1,0.0
TIK,1,0.0
TIL,1,0.0
TIM,2,0.0
TIN,1,0.0
TIP,1,0.0
TIQ,1,0.0
TIR,2,0.0
TIS,1,0.0
TIT,1,0.0
TIV,2,0.0
TIW,2,0.0
TIY,1,0.0
TKA,1,0.0
TKC,2,0.0
TKD,1,0.0
TKE,1,0.0
TKF,1,0.0
TKG,1,0.0
TKH,1,0.0
TKI,1,0.0
TKK,1,0.0
TKL,1,0.0
TKM,1,0.0
TKN,1,0.0
TKP,1,0.0
TKQ,2,0.0
TKR,2,0.0
TKS,1,0.0
TKT,1,0.0
TKV,2,0.0
TKW,1,0.0
TKY,1,0.0
TLA,1,0.0
TLC,2,0.0
TLD,1,0.0
TLE,1,0.0
TLF,1,0.0
TLG,1,0.0
TLH,1,0.0
TLI,1,0.0
TLK,1,0.0
TLL,1,0.0
TLM,1,0.0
TLN,1,0.0
TLP,1,0.0
TLQ,1,0.0
TLR,2,0.0
TLS,2,0.0
TLT,1,0.0
TLV,2,0.0
TLW,1,0.0
TLY,1,0.0
TMA,2,0.0
TMC,2,0.0
TMD,1,0.0
TME,1,0.0
TMF,1,0.0
TMG,1,0.0
TMH,1,0.0
TMI,1,0.0
TMK,1,0.0
TML,1,0.0
TMM,1,0.0
TMN,2,0.0
TMP,1,0.0
TMQ,1,0.0
TMR,2,0.0
TMS,1,0.0
TMT,1,0.0
TMV,2,0.0
TMW,1,0.0
TMY,1,0.0
TNA,1,0.0
TNC,2,0.0
TND,1,0.0
TNE,1,0.0
TNF,1,0.0
TNG,1,0.0
TNH,1,0.0
TNI,1,0.0
TNK,1,0.0
TNL,1,0.0
TNM,1,0.0
TNN,1,0.0
TNP,1,0.0
TNQ,1,0.0
TNR,2,0.0
TNS,2,0.0
TNT,1,0.0
TNV,2,0.0
TNW,1,0.0
TNY,2,0.0
TPA,1,0.0
TPC,2,0.0
TPD,2,0.0
TPE,1,0.0
TPF,1,0.0
TPG,1,0.0
TPH,2,0.0
TPI,1,0.0
TPK,1,0.0
TPL,1,0.0
TPM,1,0.0
TPN,1,0.0
TPP,1,0.0
TPQ,2,0.0
TPR,2,0.0
TPS,1,0.0
TPT,1,0.0
TPV,2,0.0
TPW,1,0.0
TPY,1,0.0
TQA,1,0.0
TQC,2,0.0
TQD,1,0.0
TQE,1,0.0
TQF,1,0.0
TQG,1,0.0
TQH,1,0.0
TQI,1,0.0
TQK,1,0.0
TQL,2,0.0
TQM,1,0.0
TQN,2,0.0
TQP,1,0.0
TQQ,1,0.0
TQR,2,0.0
TQS,1,0.0
TQT,1,0.0
TQV,2,0.0
TQW,1,0.0
TQY,1,0.0
TRA,2,0.0
TRC,2,0.0
TRD,2,0.0
TRE,2,0.0
TRF,2,0.0
TRG,2,0.0
TRH,2,0.0
TRI,2,0.0
TRK,2,0.0
TRL,2,0.0
TRM,2,0.0
TRN,2,0.0
TRP,2,0.0
TRQ,2,0.0
TRR,2,0.0
TRS,2,0.0
TRT,2,0.0
TRV,2,0.0
TRW,2,0.0
TRY,2,0.0
TSA,1,0.0
TSC,2,0.0
TSD,1,0.0
TSE,1,0.0
TSF,1,0.0
TSG,1,0.0
TSH,1,0.0
TSI,1,0.0
TSK,1,0.0
TSL,1,0.0
TSM,1,0.0
TSN,1,0.0
TSP,2,0.0
TSQ,1,0.0
TSR,2,0.0
TSS,1,0.0
TST,1,0.0
TSV,2,0.0
TSW,1,0.0
TSY,1,0.0
TTA,2,0.0
TTC,2,0.0
TTD,1,0.0
TTE,1,0.0
TTF,1,0.0
TTG,1,0.0
TTH,1,0.0
TTI,1,0.0
TTK,1,0.0
TTL,1,0.0
TTM,1,0.0
TTN,1,0.0
TTP,1,0.0
TTQ,1,0.0
TTR,2,0.0
TTS,1,0.0
TTT,1,0.0
TTV,2,0.0
TTW,1,0.0
TTY,2,0.0
TVA,2,0.0
TVC,2,0.0
TVD,2,0.0
TVE,2,0.0
TVF,2,0.0
TVG,2,0.0
TVH,2,0.0
TVI,2,0.0
TVK,2,0.0
TVL,2,0.0
TVM,2,0.0
TVN,2,0.0
TVP,2,0.0
TVQ,2,0.0
TVR,2,0.0
TVS,2,0.0
TVT,2,0.0
TVV,3,0.0
TVW,2,0.0
TVY,2,0.0
TWA,1,0.0
TWC,2,0.0
TWD,1,0.0
TWE,1,0.0
TWF,1,0.0
TWG,1,0.0
TWH,1,0.0
TWI,1,0.0
TWK,1,0.0
TWL,1,0.0
TWM,2,0.0
TWN,1,0.0
TWP,1,0.0
TWQ,1,0.0
TWR,2,0.0
TWS,1,0.0
TWT,1,0.0
TWV,2,0.0
TWW,1,0.0
TWY,1,0.0
TYA,2,0.0
TYC,3,0.0
TYD,2,0.0
TYE,2,0.0
TYF,2,0.0
TYG,2,0.0
TYH,2,0.0
TYI,2,0.0
TYK,2,0.0
TYL,2,0.0
TYM,2,0.0
TYN,2,0.0
TYP,2,0.0
TYQ,2,0.0
TYR,2,0.0
TYS,2,0.0
TYT,2,0.0
TYV,2,0.0
TYW,2,0.0
TYY,2,0.0
VAA,1,0.0
VAC,1,0.0
VAD,1,0.0
VAE,1,0.0
VAF,2,0.0
VAG,2,0.0
VAH,2,0.0
VAI,1,0.0
VAK,1,0.0
VAL,1,0.0
VAM,2,0.0
VAN,1,0.0
VAP,1,0.0
VAQ,1,0.0
VAR,1,0.0
VAS,1,0.0
VAT,1,0.0
VAV,2,0.0
VAW,1,0.0
VAY,1,0.0
VCA,1,0.0
VCC,1,0.0
VCD,1,0.0
VCE,1,0.0
VCF,1,0.0
VCG,2,0.0
VCH,2,0.0
VCI,1,0.0
VCK,1,0.0
VCL,1,0.0
VCM,2,0.0
VCN,1,0.0
VCP,1,0.0
VCQ,1,0.0
VCR,1,0.0
VCS,1,0.0
VCT,1,0.0
VCV,2,0.0
VCW,1,0.0
VCY,1,0.0
VDA,1,0.0
VDC,1,0.0
VDD,1,0.0
VDE,1,0.0
VDF,1,0.0
VDG,2,0.0
VDH,2,0.0
VDI,1,0.0
VDK,1,0.0
VDL,1,0.0
VDM,2,0.0
VDN,1,0.0
VDP,1,0.0
VDQ,1,0.0
VDR,1,0.0
VDS,1,0.0
VDT,1,0.0
VDV,2,0.0
VDW,1,0.0
VDY,1,0.0
VEA,1,0.0
VEC,1,0.0
VED,1,0.0
VEE,1,0.0
VEF,1,0.0
VEG,2,0.0
VEH,2,0.0
VEI,1,0.0
VEK,1,0.0
VEL,1,0.0
VEM,2,0.0
VEN,1,0.0
VEP,1,0.0
VEQ,1,0.0
VER,1,0.0
VES,1,0.0
VET,1,0.0
VEV,2,0.0
VEW,1,0.0
VEY,1,0.0
VFA,1,0.0
VFC,1,0.0
VFD,1,0.0
VFE,1,0.0
VFF,1,0.0
VFG,2,0.0
VFH,2,0.0
VFI,1,0.0
VFK,1,0.0
VFL,1,0.0
VFM,2,0.0
VFN,1,0.0
VFP,1,0.0
VFQ,1,0.0
VFR,1,0.0
VFS,1,0.0
VFT,2,0.0
VFV,2,0.0
VFW,1,0.0
VFY,1,0.0
VGA,2,0.0
VGC,2,0.0
VGD,2,0.0
VGE,2,0.0
VGF,2,0.0
VGG,2,0.0
VGH,2,0.0
VGI,2,0.0
VGK,2,0.0
VGL,2,0.0
VGM,2,0.0
VGN,2,0.0
VGP,2,0.0
VGQ,2,0.0
VGR,2,0.0
VGS,2,0.0
VGT,2,0.0
VGV,2,0.0
VGW,2,0.0
VGY,2,0.0
VHA,2,0.0
VHC,2,0.0
VHD,2,0.0
VHE,2,0.0
VHF,2,0.0
VHG,2,0.0
VHH,2,0.0
VHI,2,0.0
VHK,2,0.0
VHL,2,0.0
VHM,3,0.1760584794544523
VHN,2,0.0
VHP,2,0.0
VHQ,2,0.0
VHR,2,0.0
VHS,2,0.0
VHT,2,0.0
VHV,2,0.0
VHW,2,0.0
VHY,2,0.0
VIA,2,0.0
VIC,2,0.0
VID,2,0.0
VIE,2,0.0
VIF,2,0.0
VIG,2,0.0
VIH,2,0.0
VII,2,0.0
VIK,2,0.0
VIL,2,0.0
VIM,2,0.0
VIN,2,0.0
VIP,2,0.0
VIQ,2,0.0
VIR,2,0.0
VIS,2,0.0
VIT,2,0.0
VIV,2,0.0
VIW,2,0.0
VIY,2,0.0
VKA,1,0.0
VKC,1,0.0
VKD,1,0.0
VKE,1,0.0
VKF,1,0.0
VKG,2,0.0
VKH,2,0.0
VKI,1,0.0
VKK,1,0.0
VKL,1,0.0
VKM,2,0.0
VKN,1,0.0
VKP,1,0.0
VKQ,2,0.0
VKR,2,0.0
VKS,1,0.0
VKT,1,0.0
VKV,2,0.0
VKW,1,0.0
VKY,1,0.0
VLA,1,0.0
VLC,1,0.0
VLD,1,0.0
VLE,1,0.0
VLF,1,0.0
VLG,2,0.0
VLH,2,0.0
VLI,1,0.0
VLK,1,0.0
VLL,1,0.0
VLM,2,0.0
VLN,1,0.0
VLP,1,0.0
VLQ,1,0.0
VLR,2,0.0
VLS,2,0.0
VLT,1,0.0
VLV,2,0.0
VLW,1,0.0
VLY,1,0.0
VMA,2,0.0
VMC,1,0.0
VMD,1,0.0
VME,1,0.0
VMF,1,0.0
VMG,2,0.0
VMH,2,0.0
VMI,1,0.0
VMK,1,0.0
VML,1,0.0
VMM,2,0.0
VMN,2,0.0
VMP,1,0.0
VMQ,1,0.0
VMR,2,0.0
VMS,1,0.0
VMT,1,0.0
VMV,2,0.0
VMW,1,0.0
VMY,1,0.0
VNA,1,0.0
VNC,1,0.0
VND,1,0.0
VNE,1,0.0
VNF,1,0.0
VNG,2,0.0
VNH,2,0.0
VNI,1,0.0
VNK,1,0.0
VNL,1,0.0
VNM,2,0.0
VNN,1,0.0
VNP,1,0.0
VNQ,1,0.0
VNR,1,0.0
VNS,2,0.0
VNT,1,0.0
VNV,2,0.0
VNW,1,0.0
VNY,2,0.0
VPA,1,0.0
VPC,1,0.0
VPD,2,0.0
VPE,1,0.0
VPF,1,0.0
VPG,2,0.0
VPH,2,0.0
VPI,1,0.0
VPK,1,0.0
VPL,1,0.0
VPM,2,0.0
VPN,1,0.0
VPP,1,0.0
VPQ,2,0.0
VPR,1,0.0
VPS,1,0.0
VPT,1,0.0
VPV,2,0.0
VPW,1,0.0
VPY,1,0.0
VQA,1,0.0
VQC,1,0.0
VQD,1,0.0
VQE,1,0.0
VQF,1,0.0
VQG,2,0.0
VQH,2,0.0
VQI,1,0.0
VQK,1,0.0
VQL,2,0.0
VQM,2,0.0
VQN,2,0.0
VQP,1,0.0
VQQ,1,0.0
VQR,1,0.0
VQS,1,0.0
VQT,1,0.0
VQV,2,0.0
VQW,1,0.0
VQY,1,0.0
VRA,1,0.0
VRC,1,0.0
VRD,1,0.0
VRE,1,0.0
VRF,1,0.0
VRG,2,0.0
VRH,2,0.0
VRI,1,0.0
VRK,2,0.0
VRL,1,0.0
VRM,2,0.0
VRN,2,0.0
VRP,1,0.0
VRQ,1,0.0
VRR,1,0.0
VRS,1,0.0
VRT,2,0.0
VRV,2,0.0
VRW,1,0.0
VRY,1,0.0
VSA,1,0.0
VSC,1,0.0
VSD,1,0.0
VSE,1,0.0
VSF,1,0.0
VSG,2,0.0
VSH,2,0.0
VSI,1,0.0
VSK,1,0.0
VSL,1,0.0
VSM,2,0.0
VSN,1,0.0
VSP,2,0.0
VSQ,1,0.0
VSR,1,0.0
VSS,1,0.0
VST,1,0.0
VSV,2,0.0
VSW,1,0.0
VSY,1,0.0
VTA,2,0.0
VTC,1,0.0
VTD,1,0.0
VTE,1,0.0
VTF,1,0.0
VTG,2,0.0
VTH,2,0.0
VTI,1,0.0
VTK,1,0.0
VTL,1,0.0
VTM,2,0.0
VTN,1,0.0
VTP,1,0.0
VTQ,1,0.0
VTR,2,0.0
VTS,1,0.0
VTT,1,0.0
VTV,2,0.0
VTW,1,0.0
VTY,2,0.0
VVA,2,0.0
VVC,2,0.0
VVD,2,0.0
VVE,2,0.0
VVF,2,0.0
VVG,2,0.0
VVH,2,0.0
VVI,2,0.0
VVK,2,0.0
VVL,2,0.0
VVM,2,0.0
VVN,2,0.0
VVP,2,0.0
VVQ,2,0.0
VVR,2,0.0
VVS,2,0.0
VVT,2,0.0
VVV,2,0.0
VVW,2,0.0
VVY,2,0.0
VWA,1,0.0
VWC,1,0.0
VWD,1,0.0
VWE,1,0.0
VWF,1,0.0
VWG,2,0.0
VWH,2,0.0
VWI,1,0.0
VWK,1,0.0
VWL,1,0.0
VWM,2,0.0
VWN,1,0.0
VWP,1,0.0
VWQ,1,0.0
VWR,1,0.0
VWS,1,0.0
VWT,1,0.0
VWV,2,0.0
VWW,1,0.0
VWY,1,0.0
VYA,1,0.0
VYC,2,0.0
VYD,1,0.0
VYE,1,0.0
VYF,1,0.0
VYG,2,0.0
VYH,2,0.0
VYI,1,0.0
VYK,2,0.0
VYL,1,0.0
VYM,2,0.0
VYN,1,0.0
VYP,1,0.0
VYQ,1,0.0
VYR,1,0.0
VYS,1,0.0
VYT,1,0.0
VYV,2,0.0
VYW,1,0.0
VYY,1,0.0
WAA,1,0.0
WAC,1,0.0
WAD,1,0.0
WAE,1,0.0
WAF,2,0.0
WAG,1,0.0
WAH,1,0.0
WAI,1,0.0
WAK,1,0.0
WAL,1,0.0
WAM,2,0.0
WAN,1,0.0
WAP,1,0.0
WAQ,1,0.0
WAR,1,0.0
WAS,1,0.0
WAT,1,0.0
WAV,1,0.0
WAW,1,0.0
WAY,1,0.0
WCA,1,0.0
WCC,1,0.0
WCD,1,0.0
WCE,1,0.0
WCF,1,0.0
WCG,1,0.0
WCH,1,0.0
WCI,1,0.0
WCK,1,0.0
WCL,1,0.0
WCM,2,0.0
WCN,1,0.0
WCP,1,0.0
WCQ,1,0.0
WCR,1,0.0
WCS,1,0.0
WCT,1,0.0
WCV,1,0.0
WCW,1,0.0
WCY,1,0.0
WDA,1,0.0
WDC,1,0.0
WDD,1,0.0
WDE,1,0.0
WDF,1,0.0
WDG,1,0.0
WDH,1,0.0
WDI,1,0.0
WDK,1,0.0
WDL,1,0.0
WDM,2,0.0
WDN,1,0.0
WDP,1,0.0
WDQ,1,0.0
WDR,1,0.0
WDS,1,0.0
WDT,1,0.0
WDV,1,0.0
WDW,1,0.0
WDY,1,0.0
WEA,1,0.0
WEC,1,0.0
WED,1,0.0
WEE,1,0.0
WEF,1,0.0
WEG,1,0.0
WEH,1,0.0
WEI,1,0.0
WEK,1,0.0
WEL,1,0.0
WEM,2,0.0
WEN,1,0.0
WEP,1,0.0
WEQ,1,0.0
WER,1,0.0
WES,1,0.0
WET,1,0.0
WEV,2,0.0
WEW,1,0.0
WEY,1,0.0
WFA,1,0.0
WFC,1,0.0
WFD,1,0.0
WFE,1,0.0
WFF,1,0.0
WFG,1,0.0
WFH,1,0.0
WFI,1,0.0
WFK,1,0.0
WFL,1,0.0
WFM,2,0.0
WFN,1,0.0
WFP,1,0.0
WFQ,1,0.0
WFR,1,0.0
WFS,1,0.0
WFT,2,0.0
WFV,1,0.0
WFW,1,0.0
WFY,1,0.0
WGA,1,0.0
WGC,1,0.0
WGD,1,0.0
WGE,1,0.0
WGF,1,0.0
WGG,1,0.0
WGH,1,0.0
WGI,1,0.0
WGK,1,0.0
WGL,1,0.0
WGM,2,0.0
WGN,1,0.0
WGP,1,0.0
WGQ,1,0.0
WGR,1,0.0
WGS,1,0.0
WGT,1,0.0
WGV,1,0.0
WGW,1,0.0
WGY,1,0.0
WHA,1,0.0
WHC,1,0.0
WHD,1,0.0
WHE,1,0.0
WHF,1,0.0
WHG,1,0.0
WHH,1,0.0
WHI,1,0.0
WHK,1,0.0
WHL,1,0.0
WHM,2,0.0
WHN,1,0.0
WHP,1,0.0
WHQ,1,0.0
WHR,1,0.0
WHS,1,0.0
WHT,1,0.0
WHV,1,0.0
WHW,2,0.0
WHY,1,0.0
WIA,1,0.0
WIC,1,0.0
WID,1,0.0
WIE,1,0.0
WIF,1,0.0
WIG,1,0.0
WIH,1,0.0
WII,1,0.0
WIK,1,0.0
WIL,1,0.0
WIM,2,0.0
WIN,1,0.0
WIP,1,0.0
WIQ,1,0.0
WIR,1,0.0
WIS,1,0.0
WIT,1,0.0
WIV,1,0.0
WIW,2,0.0
WIY,1,0.0
WKA,1,0.0
WKC,1,0.0
WKD,1,0.0
WKE,1,0.0
WKF,1,0.0
WKG,1,0.0
WKH,1,0.0
WKI,1,0.0
WKK,1,0.0
WKL,1,0.0
WKM,2,0.0
WKN,1,0.0
WKP,1,0.0
WKQ,2,0.0
WKR,2,0.0
WKS,1,0.0
WKT,1,0.0
WKV,1,0.0
WKW,1,0.0
WKY,1,0.0
WLA,1,0.0
WLC,1,0.0
WLD,1,0.0
WLE,1,0.0
WLF,1,0.0
WLG,1,0.0
WLH,1,0.0
WLI,1,0.0
WLK,1,0.0
WLL,1,0.0
WLM,2,0.0
WLN,1,0.0
WLP,1,0.0
WLQ,1,0.0
WLR,2,0.0
WLS,2,0.0
WLT,1,0.0
WLV,1,0.0
WLW,1,0.0
WLY,1,0.0
WMA,2,0.0
WMC,2,0.0
WMD,2,0.0
WME,2,0.0
WMF,2,0.0
WMG,2,0.0
WMH,2,0.0
WMI,2,0.0
WMK,2,0.0
WML,2,0.0
WMM,2,0.0
WMN,2,0.0
WMP,2,0.0
WMQ,2,0.0
WMR,2,0.0
WMS,2,0.0
WMT,2,0.0
WMV,2,0.0
WMW,2,0.0
WMY,2,0.0
WNA,1,0.0
WNC,1,0.0
WND,1,0.0
WNE,1,0.0
WNF,1,0.0
WNG,1,0.0
WNH,1,0.0
WNI,1,0.0
WNK,1,0.0
WNL,1,0.0
WNM,2,0.0
WNN,1,0.0
WNP,1,0.0
WNQ,1,0.0
WNR,1,0.0
WNS,2,0.0
WNT,1,0.0
WNV,1,0.0
WNW,1,0.0
WNY,2,0.0
WPA,1,0.0
WPC,1,0.0
WPD,2,0.0
WPE,1,0.0
WPF,1,0.0
WPG,1,0.0
WPH,2,0.0
WPI,1,0.0
WPK,1,0.0
WPL,1,0.0
WPM,2,0.0
WPN,1,0.0
WPP,1,0.0
WPQ,2,0.0
WPR,1,0.0
WPS,1,0.0
WPT,1,0.0
WPV,2,0.0
WPW,1,0.0
WPY,1,0.0
WQA,1,0.0
WQC,1,0.0
WQD,1,0.0
WQE,1,0.0
WQF,1,0.0
WQG,1,0.0
WQH,1,0.0
WQI,1,0.0
WQK,1,0.0
WQL,2,0.0
WQM,2,0.0
WQN,2,0.0
WQP,1,0.0
WQQ,1,0.0
WQR,1,0.0
WQS,1,0.0
WQT,1,0.0
WQV,1,0.0
WQW,1,0.0
WQY,1,0.0
WRA,1,0.0
WRC,1,0.0
WRD,1,0.0
WRE,1,0.0
WRF,1,0.0
WRG,1,0.0
WRH,1,0.0
WRI,1,0.0
WRK,2,0.0
WRL,1,0.0
WRM,2,0.0
WRN,2,0.0
WRP,1,0.0
WRQ,1,0.0
WRR,1,0.0
WRS,1,0.0
WRT,2,0.0
WRV,1,0.0
WRW,1,0.0
WRY,1,0.0
WSA,1,0.0
WSC,1,0.0
WSD,1,0.0
WSE,1,0.0
WSF,1,0.0
WSG,1,0.0
WSH,1,0.0
WSI,1,0.0
WSK,1,0.0
WSL,1,0.0
WSM,2,0.0
WSN,1,0.0
WSP,2,0.0
WSQ,1,0.0
WSR,1,0.0
WSS,1,0.0
WST,1,0.0
WSV,1,0.0
WSW,1,0.0
WSY,1,0.0
WTA,2,0.0
WTC,1,0.0
WTD,1,0.0
WTE,1,0.0
WTF,1,0.0
WTG,1,0.0
WTH,1,0.0
WTI,1,0.0
WTK,1,0.0
WTL,1,0.0
WTM,2,0.0
WTN,1,0.0
WTP,1,0.0
WTQ,1,0.0
WTR,2,0.0
WTS,1,0.0
WTT,1,0.0
WTV,2,0.0
WTW,1,0.0
WTY,2,0.0
WVA,1,0.0
WVC,1,0.0
WVD,1,0.0
WVE,1,0.0
WVF,1,0.0
WVG,2,0.0
WVH,2,0.0
WVI,2,0.0
WVK,1,0.0
WVL,1,0.0
WVM,2,0.0
WVN,1,0.0
WVP,1,0.0
WVQ,1,0.0
WVR,1,0.0
WVS,1,0.0
WVT,1,0.0
WVV,2,0.0
WVW,1,0.0
WVY,1,0.0
WWA,1,0.0
WWC,1,0.0
WWD,1,0.0
WWE,1,0.0
WWF,1,0.0
WWG,1,0.0
WWH,1,0.0
WWI,1,0.0
WWK,1,0.0
WWL,1,0.0
WWM,2,0.0
WWN,1,0.0
WWP,1,0.0
WWQ,1,0.0
WWR,1,0.0
WWS,1,0.0
WWT,1,0.0
WWV,1,0.0
WWW,1,0.0
WWY,1,0.0
WYA,1,0.0
WYC,2,0.0
WYD,1,0.0
WYE,1,0.0
WYF,1,0.0
WYG,1,0.0
WYH,1,0.0
WYI,1,0.0
WYK,2,0.0
WYL,1,0.0
WYM,2,0.0
WYN,1,0.0
WYP,1,0.0
WYQ,1,0.0
WYR,1,0.0
WYS,1,0.0
WYT,1,0.0
WYV,2,0.0
WYW,1,0.0
WYY,1,0.0
YAA,1,0.0
YAC,2,0.0
YAD,1,0.0
YAE,1,0.0
YAF,2,0.0
YAG,1,0.0
YAH,1,0.0
YAI,1,0.0
YAK,1,0.0
YAL,1,0.0
YAM,1,0.0
YAN,1,0.0
YAP,1,0.0
YAQ,1,0.0
YAR,2,0.0
YAS,1,0.0
YAT,1,0.0
YAV,1,0.0
YAW,1,0.0
YAY,1,0.0
YCA,2,0.0
YCC,2,0.0
YCD,2,0.0
YCE,2,0.0
YCF,2,0.0
YCG,2,0.0
YCH,2,0.0
YCI,2,0.0
YCK,2,0.0
YCL,2,0.0
YCM,2,0.0
YCN,2,0.0
YCP,2,0.0
YCQ,2,0.0
YCR,2,0.0
YCS,2,0.0
YCT,2,0.0
YCV,2,0.0
YCW,2,0.0
YCY,2,0.0
YDA,1,0.0
YDC,2,0.0
YDD,1,0.0
YDE,1,0.0
YDF,1,0.0
YDG,1,0.0
YDH,1,0.0
YDI,1,0.0
YDK,1,0.0
YDL,1,0.0
YDM,1,0.0
YDN,1,0.0
YDP,1,0.0
YDQ,1,0.0
YDR,2,0.0
YDS,1,0.0
YDT,1,0.0
YDV,1,0.0
YDW,1,0.0
YDY,1,0.0
YEA,1,0.0
YEC,2,0.0
YED,1,0.0
YEE,1,0.0
YEF,1,0.0
YEG,1,0.0
YEH,1,0.0
YEI,1,0.0
YEK,1,0.0
YEL,1,0.0
YEM,1,0.0
YEN,1,0.0
YEP,1,0.0
YEQ,1,0.0
YER,2,0.0
YES,1,0.0
YET,1,0.0
YEV,2,0.0
YEW,1,0.0
YEY,1,0.0
YFA,1,0.0
YFC,2,0.0
YFD,1,0.0
YFE,1,0.0
YFF,1,0.0
YFG,1,0.0
YFH,1,0.0
YFI,1,0.0
YFK,1,0.0
YFL,1,0.0
YFM,1,0.0
YFN,1,0.0
YFP,1,0.0
YFQ,1,0.0
YFR,2,0.0
YFS,1,0.0
YFT,2,0.0
YFV,1,0.0
YFW,1,0.0
YFY,1,0.0
YGA,1,0.0
YGC,2,0.0
YGD,1,0.0
YGE,1,0.0
YGF,1,0.0
YGG,1,0.0
YGH,1,0.0
YGI,1,0.0
YGK,1,0.0
YGL,1,0.0
YGM,1,0.0
YGN,1,0.0
YGP,1,0.0
YGQ,1,0.0
YGR,2,0.0
YGS,1,0.0
YGT,1,0.0
YGV,1,0.0
YGW,1,0.0
YGY,1,0.0
YHA,1,0.0
YHC,2,0.0
YHD,1,0.0
YHE,1,0.0
YHF,1,0.0
YHG,1,0.0
YHH,1,0.0
YHI,1,0.0
YHK,1,0.0
YHL,1,0.0
YHM,2,0.0
YHN,1,0.0
YHP,1,0.0
YHQ,1,0.0
YHR,2,0.0
YHS,1,0.0
YHT,1,0.0
YHV,1,0.0
YHW,2,0.0
YHY,1,0.0
YIA,1,0.0
YIC,2,0.0
YID,1,0.0
YIE,1,0.0
YIF,1,0.0
YIG,1,0.0
YIH,1,0.0
YII,1,0.0
YIK,1,0.0
YIL,1,0.0
YIM,2,0.0
YIN,1,0.0
YIP,1,0.0
YIQ,1,0.0
YIR,2,0.0
YIS,1,0.0
YIT,1,0.0
YIV,1,0.0
YIW,2,0.0
YIY,1,0.0
YKA,2,0.0
YKC,2,0.0
YKD,2,0.0
YKE,2,0.0
YKF,2,0.0
YKG,2,0.0
YKH,2,0.0
YKI,2,0.0
YKK,2,0.0
YKL,2,0.0
YKM,2,0.0
YKN,2,0.0
YKP,2,0.0
YKQ,2,0.0
YKR,3,0.0
YKS,2,0.0
YKT,2,0.0
YKV,2,0.0
YKW,2,0.0
YKY,2,0.0
YLA,1,0.0
YLC,2,0.0
YLD,1,0.0
YLE,1,0.0
YLF,1,0.0
YLG,1,0.0
YLH,1,0.0
YLI,1,0.0
YLK,1,0.0
YLL,1,0.0
YLM,1,0.0
YLN,1,0.0
YLP,1,0.0
YLQ,1,0.0
YLR,2,0.0
YLS,2,0.0
YLT,1,0.0
YLV,1,0.0
YLW,1,0.0
YLY,1,0.0
YMA,2,0.0
YMC,2,0.0
YMD,1,0.0
YME,1,0.0
YMF,1,0.0
YMG,1,0.0
YMH,1,0.0
YMI,1,0.0
YMK,1,0.0
YML,1,0.0
YMM,1,0.0
YMN,2,0.0
YMP,1,0.0
YMQ,1,0.0
YMR,2,0.0
YMS,1,0.0
YMT,1,0.0
YMV,1,0.0
YMW,1,0.0
YMY,1,0.0
YNA,1,0.0
YNC,2,0.0
YND,1,0.0
YNE,1,0.0
YNF,1,0.0
YNG,1,0.0
YNH,1,0.0
YNI,1,0.0
YNK,1,0.0
YNL,1,0.0
YNM,1,0.0
YNN,1,0.0
YNP,1,0.0
YNQ,1,0.0
YNR,2,0.0
YNS,2,0.0
YNT,1,0.0
YNV,1,0.0
YNW,1,0.0
YNY,2,0.0
YPA,1,0.0
YPC,2,0.0
YPD,2,0.0
YPE,1,0.0
YPF,1,0.0
YPG,1,0.0
YPH,2,0.0
YPI,1,0.0
YPK,1,0.0
YPL,1,0.0
YPM,1,0.0
YPN,1,0.0
YPP,1,0.0
YPQ,2,0.0
YPR,2,0.0
YPS,1,0.0
YPT,1,0.0
YPV,2,0.0
YPW,1,0.0
YPY,1,0.0
YQA,1,0.0
YQC,2,0.0
YQD,1,0.0
YQE,1,0.0
YQF,1,0.0
YQG,1,0.0
YQH,1,0.0
YQI,1,0.0
YQK,1,0.0
YQL,2,0.0
YQM,1,0.0
YQN,2,0.0
YQP,1,0.0
YQQ,1,0.0
YQR,2,0.0
YQS,1,0.0
YQT,1,0.0
YQV,1,0.0
YQW,1,0.0
YQY,1,0.0
YRA,1,0.0
YRC,2,0.0
YRD,1,0.0
YRE,1,0.0
YRF,1,0.0
YRG,1,0.0
YRH,1,0.0
YRI,1,0.0
YRK,2,0.0
YRL,1,0.0
YRM,1,0.0
YRN,2,0.0
YRP,1,0.0
YRQ,1,0.0
YRR,2,0.0
YRS,1,0.0
YRT,2,0.0
YRV,1,0.0
YRW,1,0.0
YRY,1,0.0
YSA,1,0.0
YSC,2,0.0
YSD,1,0.0
YSE,1,0.0
YSF,1,0.0
YSG,1,0.0
YSH,1,0.0
YSI,1,0.0
YSK,1,0.0
YSL,1,0.0
YSM,1,0.0
YSN,1,0.0
YSP,2,0.0
YSQ,1,0.0
YSR,2,0.0
YSS,1,0.0
YST,1,0.0
YSV,1,0.0
YSW,1,0.0
YSY,1,0.0
YTA,2,0.0
YTC,2,0.0
YTD,1,0.0
YTE,1,0.0
YTF,1,0.0
YTG,1,0.0
YTH,1,0.0
YTI,1,0.0
YTK,1,0.0
YTL,1,0.0
YTM,1,0.0
YTN,1,0.0
YTP,1,0.0
YTQ,1,0.0
YTR,2,0.0
YTS,1,0.0
YTT,1,0.0
YTV,2,0.0
YTW,1,0.0
YTY,2,0.0
YVA,2,0.0
YVC,2,0.0
YVD,2,0.0
YVE,2,0.0
YVF,2,0.0
YVG,2,0.0
YVH,2,0.0
YVI,2,0.0
YVK,2,0.0
YVL,2,0.0
YVM,2,0.0
YVN,2,0.0
YVP,2,0.0
YVQ,2,0.0
YVR,2,0.0
YVS,2,0.0
YVT,2,0.0
YVV,2,0.0
YVW,2,0.0
YVY,2,0.0
YWA,1,0.0
YWC,2,0.0
YWD,1,0.0
YWE,1,0.0
YWF,1,0.0
YWG,1,0.0
YWH,1,0.0
YWI,1,0.0
YWK,1,0.0
YWL,1,0.0
YWM,2,0.0
YWN,1,0.0
YWP,1,0.0
YWQ,1,0.0
YWR,2,0.0
YWS,1,0.0
YWT,1,0.0
YWV,1,0.0
YWW,1,0.0
YWY,1,0.0
YYA,1,0.0
YYC,2,0.0
YYD,1,0.0
YYE,1,0.0
YYF,1,0.0
YYG,1,0.0
YYH,1,0.0
YYI,1,0.0
YYK,2,0.0
YYL,1,0.0
YYM,1,0.0
YYN,1,0.0
YYP,1,0.0
YYQ,1,0.0
YYR,2,0.0
YYS,1,0.0
YYT,1,0.0
YYV,2,0.0
YYW,1,0.0
YYY,1,0.0
